English,Spanish,French,Haitian Creole,Portuguese
African,africano,africain,Afriken,africano
Greek,Griego,grec,grèk,grego
Jupiter,Júpiter,Jupiter,Jipitè,Júpiter
Latin,latín,latin,Latin,Latim
abandon,abandonar,abandonner,abandone,abandonar
abbreviation,abreviatura,abréviation,abreviyasyon,abreviação
ability,habilidad,xxx,abreviyasyon,habilidade
absence,ausencia,absence,absans,ausência
absent,ausente,absent,absan,ausente
absolute,absoluto,absolu,absoli,absoluto
absolutely,absolutamente,absolument,absoliman,absolutamente
abstract,abstracto,abstrait,abstrè,xxx
abundance,abundancia,abondance,abondans,abundância
abuse,abuso,abus,abi,abuso
academy,academia,académie,akademi,academia
accelerate,acelerar,accélérer,akselere,acelerar
accent,acento,accent,aksan,xxx
accentuate,acentuar,accentuer,aksantye,acentuar
accentuation,acentuación,accentuation,aksantuasyon,acentuação
accept,aceptar,accepter,aksepte,aceitar
acceptability,aceptabilidad,acceptabilité,akseptabilite,aceitabilidade
access,acceso,accéder,aksè,acesso
accident,accidente,accident,aksidan,acidente
accommodate,acomodar,accommoder,akomode,acomodar
accompany,acompañar,accompagner,akonpaye,acompanhar
accord,acuerdo,accord,akonpaye,acordo
account,xxx,xxx,akonpaye,conta
accumulate,acumular,accumuler,akimile,acumular
accuse,acusar,accuser,akize,acusar
accustom,acostumbrar,xxx,akize,acostumar
acquire,adquirir,acquérir,akize,adquirir
acquisition,adquisición,acquisition,akizisyon,aquisição
acrobat,acróbata,acrobate,akrobat,acrobata
acrobatic,acrobático,acrobatique,akrobatik,acrobático
act,acto,acte,akrobatik,xxx
action,acción,action,aksyon,xxx
active,activo,actif,aktif,ativo
activities,actividades,activités,aktivite yo,atividades
activity,actividad,activité,aktivite,atividade
actor,actor,acteur,aktè,ator
actress,actriz,actrice,aktris,atriz
actual,actual,xxx,aktyèl,xxx
actuary,actuario,actuaire,aktuarya,atuário
adapt,adaptar,adapter,adapte,adaptar
addition,xxx,ajout,adisyon,adição
address,xxx,adresse,adrès,xxx
adequate,adecuado,adéquat,adekwat,adequado
adjacent,adyacente,adjacent,adjasan,adjacente
adjective,adjetivo,adjectif,adjektif,adjetivo
adjust,ajustar,ajuster,ajiste,ajustar
administrate,administrado,xxx,ajiste,xxx
admirable,admirable,admirable,admirab,admirável
admiration,admiración,admiration,admirasyon,admiração
admire,admirar,admirer,admire,admirar
admission,admisión,admission,admisyon,admissão
admit,admitir,admettre,admèt,admitir
adopt,adoptar,adopter,adopte,adotar
adoption,adopción,adoption,adopsyon,adoção
adore,adorar,adorer,adore,adoro
adult,adulto,adulte,adore,adulto
advance,avance,avance,avanse,avançar
advantage,ventaja,avantage,avantaj,vantagem
adventure,aventura,aventure,avanti,aventura
adverb,adverbio,adverbe,advèb,advérbio
advise,aconsejar,xxx,advèb,xxx
advocate,xxx,avocat,avoka,advogado
affair,xxx,affaire,avoka,xxx
affect,afectar,affecter,afekte,afetar
afraid,xxx,effrayé,afekte,xxx
agency,agencia,agence,ajans,agência
agent,agente,agent,ajan,agente
aggregate,agregar,agrégat,agregate,agregar
agile,ágil,agile,ajil,ágil
agony,agonía,agonie,agoni,agonia
agree,xxx,accepter,agoni,xxx
agriculture,agricultura,agriculture,agrikilti,agricultura
ahead,adelante,xxx,agrikilti,xxx
aid,ayuda,aide,agrikilti,ajuda
air,aire,air,agrikilti,xxx
alarm,alarma,alarme,alam,alarme
algorithm,algoritmo,algorithme,algorithm,algoritmo
allergic,alérgico,allergique,fè alèji,alérgico
allocate,xxx,allouer,atloze,alocar
allowance,xxx,allocation,atloze,xxx
alphabet,alfabeto,alphabet,alfabè,alfabeto
alter,alterar,xxx,alfabè,alterar
alternative,alternativa,alternative,altènatif,alternativa
ambiguity,ambigüedad,ambiguïté,anbigwite,ambiguidade
ambiguous,ambiguo,ambiguë,anbigwi,ambíguo
ambition,ambición,ambition,lanbisyon,ambição
ambitious,ambicioso,ambitieux,anbisye,ambicioso
amend,enmendar,xxx,amande,xxx
amount,xxx,montant,amande,xxx
amplitude,amplitud,amplitude,anplitid,amplitude
amuse,xxx,amuser,amize,xxx
anaconda,anaconda,anaconda,anakonda,anaconda
analogy,analogía,analogie,analoji,analogia
analyse,analizar,analyser,analize,analisar
analysis,análisis,analyse,analiz,análise
analyze,analizar,analyser,analize,analisar
ancient,xxx,ancien,ansyen,ancestral
angle,ángulo,angle,ansyen,ângulo
animal,animal,animal,ansyen,animal
animate,animar,animer,anime,animar
announce,anunciar,annoncer,anonse,anunciar
annoy,xxx,ennuyer,anonse,xxx
annual,anual,annuel,anyèl,anual
anomaly,anomalía,anomalie,anomali,anomalia
answer,xxx,xxx,anomali,responder
antecedent,antecedente,antécédent,antecedent,antecedente
anticipate,anticipar,anticiper,antisipe,antecipar
anxiety,ansiedad,anxiété,antisipe,ansiedade
anxious,ansioso,anxieux,antisipe,ansioso
anything,xxx,xxx,anyen,xxx
apart,aparte,à part,anyen,separado
apparent,aparente,apparent,aparan,aparente
appear,aparecer,apparaître,parèt,aparecer
appearance,xxx,apparence,aparans,aparência
append,xxx,xxx,append,xxx
appetite,apetito,appétit,apeti,apetite
applaud,aplaudir,applaudir,apeti,aplaudir
applause,aplausos,xxx,apeti,aplausos
applicability,aplicabilidad,applicabilité,aplikabilite,aplicabilidade
application,xxx,application,aplikasyon,aplicativo
apply,aplicar,appliquer,aplike,aplicar
appreciate,agradecer,apprécier,apresye,apreciar
approach,xxx,approche,aproche,xxx
appropriate,adecuado,approprié,apwopriye,apropriado
approve,xxx,approuver,apwouve,aprovar
approximate,aproximado,approximatif,apwoksimatif,aproximado
arbitrary,arbitrario,arbitraire,abitrè,arbitrário
archaism,arcaísmo,archaïsme,archaism,arcaísmo
archetype,arquetipo,archétype,arketip,arquétipo
area,área,xxx,arketip,área
argument,argumento,argument,agiman,argumento
arithmetic,aritmética,arithmétique,aritmetik,aritmética
around,alrededor,xxx,aritmetik,xxx
arrange,xxx,organiser,aritmetik,arranjo
arrest,xxx,arrêter,arete,xxx
arrive,xxx,arriver,arete,xxx
arrogance,arrogancia,arrogance,awogans,arrogância
article,artículo,article,atik,artigo
articulation,articulación,articulation,atikilasyon,articulação
artificial,artificial,artificiel,atifisyèl,artificial
artist,artista,artiste,atis,artista
artistic,artístico,artistique,atistik,artístico
aspect,aspecto,aspect,aspè,aspecto
aspiration,aspiración,aspiration,aspirasyon,aspiração
aspirin,aspirina,aspirine,aspirin,aspirina
assemble,armar,assembler,rasanble,xxx
assign,asignar,attribuer,rasanble,atribuir
assimilation,asimilación,assimilation,asimilasyon,assimilação
assist,asistir,assister,asimilasyon,assistir
associate,asociado,associé,asosye,associado
association,asociación,association,asosyasyon,associação
assume,asumir,xxx,asime,assumir
assure,asegurar,assurer,asire,assegurar
astonish,xxx,xxx,etone,xxx
astronaut,astronauta,astronaute,astronot,astronauta
astronomer,astrónomo,astronome,astwonòm,astrônomo
atlas,atlas,atlas,atlas,atlas
atmosphere,atmósfera,atmosphère,atmosfè,atmosfera
attach,xxx,attacher,tache,xxx
attack,xxx,attaque,tache,xxx
attain,xxx,atteindre,tache,atingir
attention,atención,attention,atansyon,atenção
attentive,atento,attentif,atantif,atento
attitude,actitud,attitude,atitid,atitude
attract,atraer,xxx,atire,atrair
attraction,atracción,xxx,atraksyon,atração
attractive,atractivo,attractif,atraksyon,atraente
attribute,atributo,attribut,atribi,atributo
audience,audiencia,xxx,atribi,xxx
author,autor,auteur,otè,autor
authority,autoridad,autorité,otorite,autoridade
authorize,autorizar,autoriser,otorize,autorizar
autograph,autógrafo,autographe,otograf,autógrafo
automate,automatizar,automatiser,otomatize,automatizar
automatic,automático,automatique,otomatik,automático
automobile,automóvil,automobile,otomobil,automóvel
autumn,xxx,automne,otomobil,xxx
avenue,avenida,xxx,otomobil,avenida
axiom,axioma,axiome,aksyòm,axioma
backward,hacia atrás,xxx,aksyòm,xxx
baggage,xxx,bagages,bagaj,bagagem
balance,balance,xxx,balans,xxx
banana,banana,banane,bannann,banana
banjo,banjo,banjo,banjo,banjo
banquet,banquete,banquet,bankè,banquete
barber,barbero,xxx,bankè,barbeiro
barrel,barril,baril,barik,barril
barrier,barrera,barrière,baryè,barreira
base,base,base,baz,base
basic,básico,basique,baz,básico
basin,xxx,bassin,basen,bacia
bathe,bañarse,baigner,basen,xxx
battery,batería,batterie,batri,bateria
battle,batalla,bataille,batay,batalha
beast,bestia,xxx,batay,besta
beauty,xxx,beauté,batay,xxx
benefactive,benéfico,bienfaisant,byenfektif,benéfico
benefit,beneficio,xxx,benefisye,beneficiar
bicycle,bicicleta,xxx,bisiklèt,bicicleta
bilingual,bilingüe,bilingue,bileng,bilíngue
biography,biografía,biographie,biyografi,biografia
blame,xxx,blâmer,blame,xxx
block,bloquear,xxx,blame,bloquear
blouse,blusa,blouse,blame,blusa
bonus,xxx,xxx,bonis,bônus
border,borde,xxx,bonis,fronteira
bottle,botella,bouteille,boutèy,xxx
bouquet,xxx,bouquet,bouquet,xxx
branch,xxx,xxx,branch,xxx
bravery,xxx,bravoure,branch,bravura
brick,xxx,brique,branch,xxx
brief,breve,bref,brief,xxx
bright,brillante,brillant,brief,brilhante
brilliant,brillante,brillant,briyan,brilhante
brush,xxx,brosse,briyan,xxx
brutal,brutal,brutal,brital,brutal
bucket,xxx,xxx,bokit,xxx
business,xxx,xxx,biznis,xxx
businessman,xxx,xxx,biznisman,xxx
button,botón,bouton,bouton,botão
cabin,cabina,cabine,kabin,cabine
cable,cable,câble,kab,cabo
cafeteria,cafetería,cafétéria,kafeterya,cafeteria
cage,xxx,cage,kafeterya,xxx
calculate,calcular,calculer,kalkile,calcular
calculator,calculadora,calculatrice,kalkilatris,calculadora
camera,cámara,caméra,kamera,câmera
camouflage,camuflaje,camouflage,kamouflaj,camuflar
canal,canal,canal,kanal,canal
candid,xxx,candide,kanal,xxx
canyon,cañón,canyon,canyon,xxx
capable,capaz,capable,kapab,capaz
capacity,capacidad,capacité,kapasite,capacidade
capital,capital,capital,kapital,capital
captain,capitán,capitaine,kapital,capitão
captive,cautivo,captif,kapital,cativo
capture,captura,capturer,kaptire,capturar
carriage,carro,xxx,kaptire,xxx
carry,xxx,xxx,kaptire,carregar
case,caso,cas,kaptire,caso
castle,castillo,xxx,kaptire,castelo
catastrophe,catástrofe,catastrophe,katastwòf,catástrofe
category,categoría,catégorie,kategori,categoria
cause,causa,cause,koz,causa
caution,precaución,xxx,koz,xxx
cautious,xxx,xxx,koz,cauteloso
cease,cesar,cesser,koz,cessar
celebrate,celebrar,célébrer,selebre,xxx
cement,cemento,ciment,siman,cimento
center,centro,centre,sant,centro
centre,centro,centre,sant,centro
ceramic,cerámico,céramique,seramik,cerâmica
cereal,cereal,céréale,sereyal,cereal
ceremony,ceremonia,cérémonie,seremoni,cerimônia
certain,cierto,certain,sèten,certo
certainty,certeza,xxx,sèten,certeza
chain,xxx,chaîne,sèten,xxx
chair,xxx,chaise,sèten,cadeira
champion,campeón,champion,chanpyon,campeão
chance,xxx,chance,chans,chance
change,xxx,xxx,chanje,xxx
channel,canal,canal,chanèl,canal
chapter,capítulo,chapitre,chapit,capítulo
character,xxx,xxx,karaktè,xxx
charge,cargar,charge,karaktè,xxx
charm,xxx,charme,karaktè,charme
chart,cuadro,xxx,karaktè,xxx
check,xxx,xxx,tcheke,xxx
chemical,químico,chimique,chimik,químico
chief,xxx,xxx,chimik,chefe
chimney,xxx,cheminée,chemine,chaminé
chimpanzee,chimpancé,chimpanzé,chenpanze,chimpanzé
choice,xxx,choix,chenpanze,xxx
cholera,cólera,choléra,kolera,cólera
choose,xxx,choisir,chwazi,xxx
circle,círculo,cercle,sèk,círculo
circular,circular,circulaire,sikilè,circular
circumstance,circunstancia,circonstance,sikonstans,circunstância
cite,citar,citer,site,citar
citizen,xxx,citoyen,sitwayen,xxx
civil,civil,civil,sivil,civil
civilize,civilizar,civiliser,sivilize,civilizar
claim,xxx,réclamer,sivilize,xxx
clarify,aclarar,clarifier,klarifye,esclarecer
class,clase,classe,klas,xxx
classic,clásico,classique,klasik,clássico
classification,clasificación,classification,klasifikasyon,classificação
classify,clasificar,classer,klasifye,classificar
clause,cláusula,clause,kloz,cláusula
clear,claro,clair,kloz,claro
coast,costa,côte,kòt,costa
code,código,code,kòd,código
codex,códice,xxx,kodèks,códice
cognate,cognado,xxx,kodèks,cognato
coherence,coherencia,cohérence,koyerans,coerência
coherent,coherente,cohérent,koyeran,coerente
coincide,coincidir,coïncider,kowenside,coincidir
collapse,colapsar,xxx,kollapse,colapso
collar,xxx,collier,kollapse,colarinho
colleague,colega,collègue,kòlèg,colega
collect,recolectar,collecter,kòlèg,xxx
collection,recopilación,collection,koleksyon,coleção
collector,xxx,xxx,koleksyon,coletor
college,colega,collège,kolèj,xxx
colony,colonia,colonie,koloni,colônia
color,color,couleur,koulè,cor
colour,color,couleur,koulè,xxx
combination,combinación,combinaison,konbinezon,combinação
combine,combinar,combiner,konbine,combinar
comfort,xxx,confort,konbine,conforto
command,xxx,commande,konbine,comando
commence,comenzar,commencer,kòmanse,começar
comment,comentario,commentaire,kòmantè,comentário
commerce,comercio,commerce,komès,comércio
commercial,comercial,commercial,komèsyal,comercial
commission,comisión,commission,komisyon,comissão
commit,comprometerse,commettre,komèt,comprometer-se
committee,comité,comité,komite,comitê
commodity,xxx,xxx,komodite,xxx
common,común,commun,komen,comum
communicate,comunicar,communiquer,kominike,comunicar
communication,comunicación,communication,kominikasyon,comunicação
community,comunidad,communauté,kominote,comunidade
companion,compañero,compagnon,konpayon,companheiro
companionship,compañerismo,xxx,konpayon,xxx
company,compañía,xxx,konpayi,xxx
compare,comparar,comparer,konpare,comparar
comparison,comparación,comparaison,konparezon,comparação
compatible,compatible,compatible,konpatib,compatível
compensate,compensar,compenser,konpanse,compensar
compete,competir,xxx,konpanse,competir
competence,competencia,compétence,konpetans,competência
competition,competencia,xxx,konpetisyon,xxx
competitor,competidor,xxx,konpetisyon,xxx
compile,compilar,compiler,konpile,compilar
complain,xxx,se plaindre,konpile,xxx
complaint,xxx,plainte,konpile,xxx
complement,complementar,complément,konpleman,complemento
complete,completo,complet,konplè,completo
complex,complejo,complexe,konplèks,complexo
complicate,complicar,compliquer,konplike,complicar
complication,complicación,complication,konplikasyon,complicação
compliment,cumplido,compliment,konpliman,xxx
component,componente,composant,konponan,componente
comport,comportarse,se comporter,konpòte,comportamento
compose,componer,composer,konpoze,compor
composition,composición,composition,konpozisyon,composição
compound,compuesto,composé,konpoze,composto
comprehension,comprensión,compréhension,konpreyansyon,compreensão
comprehensive,xxx,xxx,comprehensive,xxx
comprise,comprender,comprendre,konpoze,compreende
compute,xxx,xxx,konpite,xxx
conceive,concebir,concevoir,konseye,conceber
concentrate,concentrarse,se concentrer,konsantre,concentrado
concentration,concentración,concentration,konsantrasyon,concentração
concept,concepto,concept,konsèp,conceito
concert,concierto,concert,konsè,concerto
conclude,concluir,conclure,konkli,concluir
conclusion,conclusión,conclusion,konklizyon,conclusão
concurrent,concurrente,concurrent,konkouran,concorrente
condition,condición,condition,kondisyon,xxx
conditional,condicional,conditionnel,kondisyonèl,condicional
conduct,conducta,conduire,konduit,conduta
confer,conferir,conférer,konfere,conferir
confess,confesar,confesser,konfese,confessar
confession,confesión,confession,konfesyon,confissão
confetti,confeti,confettis,konfetti,confete
confidence,confianza,confiance,konfyans,confiança
confident,xxx,confiant,konfyans,confiante
confidential,confidencial,confidentiel,konfidansyèl,confidencial
configuration,configuración,configuration,konfigirasyon,configuração
confine,confinar,confiner,konfine,xxx
confirm,confirmar,confirmer,konfime,confirmar
conflict,conflicto,conflit,konfli,conflito
conform,xxx,se conformer,konfòm,conformar-se
confuse,confundir,xxx,konfòm,confundir
confusing,confuso,xxx,konfizyon,confuso
confusion,confusión,confusion,konfizyon,confusão
congratulation,xxx,félicitation,konfizyon,xxx
conjugation,conjugación,conjugaison,konjigezon,conjugação
connect,conectar,connecter,konjigezon,conectar
connection,conexión,connexion,koneksyon,conexão
connector,conector,connecteur,konektè,conector
connotation,connotación,connotation,konotasyon,conotação
conquer,conquistar,conquérir,konotasyon,conquistar
conqueror,conquistador,conquérant,konkeran,conquistador
conquest,conquista,conquête,konkèt,conquista
conscience,conciencia,conscience,konsyans,consciência
conscious,consciente,conscient,konsyans,consciente
consent,consentir,consentement,konsantman,consentimento
consequent,consiguiente,conséquent,konsekan,conseqüente
consider,considerar,considérer,konsidere,considerar
considerable,considerable,considérable,konsiderab,considerável
consist,consistir,consister,konsiste,consiste
consonant,consonante,consonne,konsòn,consoante
constant,constante,constante,konstan,constante
constellation,constelación,constellation,konstelasyon,constelação
constituent,constituyente,constituant,konstitiyan,constituinte
constitute,constituir,constituer,konstitye,constituir
constrain,constreñir,contraindre,kontrent,xxx
construct,construir,construction,konstwi,construir
construction,construcción,construction,konstriksyon,construção
consult,consultar,consulter,konsilte,consultar
consume,consumir,consommer,konsome,consumir
contact,contacto,contact,kontakte,contato
contagious,contagioso,contagieux,kontakte,xxx
contain,contener,contenir,kontakte,conter
contemporary,contemporáneo,contemporain,kontanporen,contemporâneo
content,contenido,contenu,kontni,contente
context,contexto,contexte,kontèks,contexto
continent,continente,continent,kontinan,continente
continue,continuar,continuer,kontinye,continuar
contract,contrato,contracter,kontra,contrato
contradict,contradecir,contredire,kontredi,contradizer
contrary,contrario,contraire,kontrè,contrário
contrast,contraste,contraste,kontras,contraste
contribute,contribuir,contribuer,kontribye,contribuir
contribution,contribución,contribution,kontribisyon,contribuição
control,control,contrôle,kontwòl,controlar
controversy,controversia,controverse,kontwòl,controvérsia
convene,convocar,convoquer,konvoke,convocar
convenience,conveniencia,xxx,konvenyans,conveniência
convenient,conveniente,xxx,konvenyans,conveniente
convergence,convergencia,convergence,konvenyans,convergência
conversation,conversación,conversation,konvèsasyon,conversa
converse,conversar,converser,konvèse,conversar
convert,convertir,convertir,konvèti,converter
convince,convencer,convaincre,konvenk,convencer
cooperate,cooperar,coopérer,kopere,cooperar
coordinate,coordinar,coordonner,kowòdone,coordenada
coordination,coordinación,coordination,kowòdinasyon,coordenação
copie,Copiar,copie,kopi,cópia
copper,cobre,xxx,kopi,cobre
core,xxx,cœur,kopi,xxx
corporate,corporativo,corporation,corporate,corporativo
correct,correcto,correct,kòrèk,correto
correction,corrección,correction,koreksyon,correção
correctly,correctamente,correctement,kòrèkteman,corretamente
correlation,correlación,corrélation,korelasyon,correlação
correspond,corresponder,correspondre,koresponn,corresponder
cotton,xxx,coton,koton,xxx
council,xxx,conseil,koton,xxx
count,contar,compter,koton,contar
countable,contable,xxx,konte,contável
couple,xxx,couple,koup,xxx
courage,coraje,courage,kouraj,coragem
course,curso,cours,kouraj,curso
court,corte,xxx,kouraj,xxx
cousin,xxx,cousin,kouzen,xxx
cover,xxx,xxx,kouzen,cobrir
coward,cobarde,xxx,kouzen,covarde
cowardice,cobardía,xxx,kouzen,covardia
coyote,coyote,coyote,koyòt,coiote
cream,crema,crème,koyòt,creme
create,crear,créer,kreye,criar
creature,criatura,créature,kreye,criatura
credit,crédito,crédit,kredi,crédito
crime,xxx,crime,kredi,crime
criminal,criminal,criminel,kriminèl,criminal
criteria,criterios,critères,kritè,critérios
criterion,criterio,critère,kritè,critério
critic,crítico,critique,kritik,crítico
criticism,crítica,critique,kritik,crítica
crocodile,cocodrilo,crocodile,kwokodil,crocodilo
cross,xxx,croix,kwokodil,xxx
crown,corona,couronne,kwokodil,xxx
crucial,crucial,crucial,kwokodil,crucial
cruel,cruel,cruel,kwokodil,cruel
crush,xxx,écraser,kwokodil,crush
cultivate,cultivar,cultiver,kiltive,cultivar
cultivation,xxx,cultivation,kiltivasyon,xxx
cultivator,cultivador,cultivateur,kiltivatè,cultivador
culture,cultura,culture,kilti,cultura
curiosity,curiosidad,curiosité,kiryozite,curiosidade
curious,curioso,curieux,kirye,curioso
curtain,cortina,xxx,kirye,cortina
curve,curva,courbe,kirye,curva
cushion,xxx,coussin,kirye,xxx
custom,costumbre,coutume,kirye,xxx
customary,acostumbrado,xxx,kirye,xxx
cycle,ciclo,xxx,sik,ciclo
damage,xxx,dommage,domaj,xxx
dance,xxx,danse,danse,dança
danger,xxx,danger,danje,xxx
data,datos,données,done,dados
debate,debate,débat,deba,debate
decade,década,décennie,deseni,década
decide,decidir,décider,deside,decidir
decision,decisión,décision,desizyon,decisão
decisive,decisivo,décisif,desizif,decisivo
declare,declarar,déclarer,deklare,declarar
decline,xxx,déclin,dekline,declínio
decoration,decoración,décoration,dekorasyon,decoração
deduce,deducir,déduire,dedwi,deduzir
defeat,xxx,défaite,defèt,derrota
defence,defensa,défense,defans,defesa
defend,defender,défendre,defann,defender
defendant,xxx,défendeur,defann,xxx
define,definir,définir,defini,definir
definite,definido,xxx,definitif,definitivo
definition,definición,définition,definisyon,definição
degree,grado,degré,degre,grau
delicate,delicado,délicat,delika,delicado
delicious,delicioso,délicieux,delika,delicioso
delight,deleitar,xxx,delika,xxx
deliver,xxx,livrer,delivre,xxx
demand,demanda,demande,demann,demanda
dementia,demencia,démence,demans,demência
demonstrate,demostrar,démontrer,demontre,demonstrar
denotation,denotación,dénotation,denotasyon,denotação
denote,denotar,xxx,denote,denotar
dentist,dentista,dentiste,dantis,dentista
deny,denegar,xxx,dantis,xxx
department,departamento,département,depatman,departamento
depend,depender,dépendre,depann,depender
dependence,dependencia,dépendance,depandans,dependência
dependent,dependiente,dépendant,depandan,dependente
deport,deportar,xxx,depòte,deportar
depress,deprimir,déprimer,deprime,deprimir
derive,derivar,dériver,derive,derivar
descend,xxx,descendre,desann,descer
descendant,descendiente,descendant,desandan,descendente
descent,descenso,descente,desandans,descida
describe,describir,décrire,dekri,descrever
description,descripción,description,deskripsyon,descrição
desert,desierto,désert,dezè,deserto
design,diseño,xxx,design,xxx
desire,deseo,désir,design,desejo
despair,xxx,désespoir,design,desespero
despotism,despotismo,despotisme,despotism,despotismo
destination,destino,destination,destinasyon,destino
destroy,destruir,détruire,detwi,destruir
destruction,destrucción,destruction,destriksyon,destruição
destructive,destructivo,destructeur,destriktif,destrutivo
detail,detalle,détail,detay,detalhe
detain,detener,détenir,detay,deter
detect,detectar,détecter,detekte,detectar
determine,determinar,déterminer,detèmine,determinar
develop,xxx,développer,devlope,xxx
deviate,desviarse,dévier,devye,desviar
devil,demonio,xxx,devye,xxx
devote,xxx,xxx,devote,xxx
diagnostique,diagnóstico,diagnostique,dyagnostik,diagnóstico
dialect,dialecto,dialecte,dyalèk,dialeto
diamond,diamante,diamant,dyaman,diamante
dictator,dictador,dictateur,diktatè,ditador
dictionary,diccionario,dictionnaire,diksyonè,dicionário
difference,diferencia,différence,diferans,diferença
different,diferente,différent,diferan,diferente
differentiate,diferenciar,différencier,diferansye,diferenciar
difficult,difícil,difficile,difisil,difícil
difficultly,difícilmente,difficilement,difisil,dificilmente
difficulty,dificultad,difficulté,difikilte,dificuldade
dimension,dimensión,dimension,dimansyon,dimensão
diminish,disminuir,diminuer,diminye,diminuir
dinner,xxx,dîner,diminye,xxx
dinosaur,dinosaurio,dinosaure,dinozò,dinossauro
direct,directo,direct,dirèk,direto
direction,dirección,direction,direksyon,direção
directly,directamente,directement,dirèkteman,diretamente
director,director,directeur,direktè,diretor
disagree,discrepar,xxx,direktè,discordo
disappear,desaparecer,disparaître,disparèt,desaparecer
disapprove,desaprobar,désapprouver,dezapwouve,desaprovar
disaster,desastre,catastrophe,dezas,desastre
discipline,disciplina,discipline,disiplin,disciplina
discomfort,xxx,inconfort,disiplin,desconforto
discontent,descontento,xxx,disiplin,xxx
discontinue,discontinuar,xxx,disiplin,descontinuar
discourse,discurso,discours,diskou,discurso
discover,descubrir,découvrir,diskou,descobrir
discovery,xxx,découverte,diskou,descoberta
discrete,discreto,discret,disrè,discreto
discriminate,discriminar,discriminer,fè diskriminasyon,discriminar
discrimination,discriminación,discrimination,diskriminasyon,discriminação
discuss,discutir,discuter,diskite,discutir
discussion,discusión,discussion,diskisyon,discussão
disgrace,desgracia,disgrâce,diskisyon,desgraça
disgust,xxx,dégoût,diskisyon,xxx
displace,desplazar,déplacer,deplase,deslocar
display,xxx,xxx,display,xxx
dispose,disponer,disposer,dispose,descartar
disregard,xxx,disregard,dispose,xxx
disrespect,xxx,xxx,dispose,desrespeito
dissatisfaction,insatisfacción,insatisfaction,dispose,insatisfação
dissimilation,disimilación,dissimilation,disimilasyon,dissimilação
distance,distancia,distance,distans,distância
distant,distante,xxx,distans,distante
distinct,distinto,distinct,distinte,distinto
distinguish,distinguir,distinguer,distenge,distinguir
distort,distorsionar,xxx,distenge,distorcer
distribute,distribuir,distribuer,distribye,distribuir
distribution,distribución,distribution,distribisyon,distribuição
district,distrito,district,distri,distrito
disturb,xxx,xxx,distri,perturbar
diverse,diverso,divers,divès,diverso
divide,dividir,diviser,divize,dividir
division,división,division,divizyon,divisão
divorce,divorcio,divorce,divòs,divórcio
doctor,doctor,xxx,doktè,doutor
document,documento,document,dokiman,documento
dollar,dólar,dollar,dola,dólar
domain,dominio,domaine,domèn,domínio
domestic,doméstico,domestique,domestik,doméstico
dominance,dominio,dominance,dominasyon,domínio
dominate,dominar,dominer,domine,dominar
double,doble,double,doub,dobro
doubt,xxx,doute,doub,xxx
dozen,docena,douzaine,douzèn,xxx
dragon,dragón,dragon,dragon,dragão
drama,drama,drame,dram,drama
drive,xxx,conduire,dram,dirigir
durable,durable,durable,dirab,durável
duration,duración,durée,dire,duração
during,durante,xxx,dire,durante
dynamic,dinámica,dynamique,dinamik,dinâmico
dynamite,dinamita,dynamiter,dinamit,dinamite
economy,economía,économie,ekonomi,economia
edit,editar,xxx,edite,editar
edition,edición,edition,edisyon,edição
educate,educar,xxx,edike,educar
education,educación,éducation,edikasyon,educação
educator,educador,éducateur,edikatè,educador
effect,efecto,effet,efè,efeito
effective,eficaz,efficace,efikas,eficaz
efficiency,eficiencia,efficacité,efikas,eficiência
efficient,eficiente,efficace,efikas,eficiente
effort,esfuerzo,effort,efikas,esforço
egoist,egoísta,égoïste,egoyis,egoísta
elastic,elástico,élastique,elastik,elástico
elect,electo,xxx,elastik,eleger
election,elección,élection,eleksyon,eleição
electric,eléctrico,électrique,elektrik,elétrico
electrician,electricista,électricien,elektrisyen,eletricista
electricity,electricidad,électricité,elektrisite,eletricidade
element,elemento,élément,eleman,elemento
elephant,elefante,éléphant,elefan,elefante
eliminate,eliminar,éliminer,elimine,eliminar
emerge,xxx,émerger,elimine,emergir
emphasis,énfasis,xxx,anfaz,ênfase
empire,imperio,empire,anfaz,império
empirical,empírico,empirique,anpirik,empírico
employ,emplear,employer,anplwaye,empregar
employee,empleado,employé,anplwaye,xxx
enable,habilitar,xxx,anplwaye,xxx
enclosure,xxx,enceinte,anplwaye,xxx
encounter,encontrar,rencontre,rankont,encontro
encourage,xxx,encourager,ankouraje,encorajar
encouragement,xxx,encouragement,ankourajman,encorajamento
enemy,enemigo,ennemi,ankourajman,xxx
energy,energía,énergie,enèji,energia
engineer,ingeniero,ingénieur,enjenyè,engenheiro
english,inglés,anglais,angle,inglês
enormous,enorme,énorme,enorm,enorme
ensure,asegurar,assurer,asire,xxx
enter,entrar,entrer,antre,xxx
entertain,xxx,divertir,antre,entreter
entire,xxx,entier,antre,inteiro
entity,entidad,entité,antite,entidade
entrance,entrada,entrée,antre,entrada
envelope,xxx,enveloppe,anvlòp,envelope
environment,xxx,environnement,anviwònman,xxx
equal,igual,xxx,anviwònman,igual
equate,equiparar,xxx,egalize,igualar
equip,equipar,équiper,ekipe,equipar
equivalence,equivalencia,équivalence,ekivalans,equivalência
equivalent,equivalente,équivalent,ekivalan,equivalente
erode,erosionar,éroder,erode,erosão
error,error,erreur,erè,erro
escape,escapar,s'échapper,chape,escapar
especially,especialmente,xxx,chape,especialmente
essence,esencia,essence,chape,essência
essential,xxx,essentiel,esansyèl,essencial
establish,establecer,établir,etabli,estabelecer
estimate,estimar,estimation,estimasyon,estimativa
estimation,estimación,estimation,estimasyon,estimativa
ethic,ética,éthique,etik,ética
ethnic,étnico,ethnique,etnik,étnico
ethymology,etimología,éthymologie,etimoloji,etimologia
evaluate,evaluar,évaluer,evalye,avaliar
event,evento,événement,evènman,evento
eventual,eventual,éventuel,evantyèlman,eventual
evident,evidente,évident,evidan,evidente
evidently,evidentemente,évidemment,evidan,evidentemente
evolution,evolución,évolution,evolisyon,evolução
evolve,xxx,évoluer,evolve,evoluir
exact,exacto,exact,egzak,exato
exactly,exactamente,exactement,egzakteman,exatamente
exaggerate,exagerar,exagérer,egzajere,exagerar
exalt,exaltar,exalter,egzalte,exaltar
examine,examinar,examiner,egzaminen,examinar
example,ejemplo,exemple,egzaminen,exemplo
exceed,exceder,xxx,egzaminen,exceder
excellence,excelencia,excellence,ekselans,excelência
excellent,excelente,excellent,ekselan,excelente
except,excepto,xxx,eksepte,exceto
exception,excepción,exception,eksepsyon,exceção
excess,exceso,excès,eksepsyon,excesso
excessive,excesivo,excessif,eksepsyon,excessivo
exchange,xxx,échange,echanj,xxx
excite,excitar,exciter,eksite,excitar
exclaim,exclamar,exclamer,eksite,exclamar
exclude,excluir,exclure,eskli,excluir
exclusion,exclusión,exclusion,esklizyon,exclusão
excuse,xxx,excuse,eskiz,desculpa
exemption,exención,exemption,egzanpsyon,xxx
exercise,ejercicio,exercice,egzanpsyon,exercício
exhibit,xxx,exposition,egzanpsyon,xxx
exist,existir,exister,egziste,existir
existence,existencia,existence,egziste,existência
exotic,exótico,exotique,ekzotik,exótico
expand,expandir,xxx,ekzotik,expandir
expect,esperar,xxx,ekzotik,esperar
expense,xxx,xxx,depans,xxx
experience,experiencia,expérience,eksperyans,experiência
experiment,experimento,expérience,eksperyans,experimentar
expert,experto,expert,ekspè,xxx
explain,explicar,expliquer,ekspè,explicar
explicit,explícito,explicite,eksplisit,explícito
explode,explotar,exploser,eksploze,explodir
exploit,explotar,exploiter,esplwate,explorar
explore,explorar,explorer,eksplore,explorar
explosion,explosión,explosion,eksplozyon,explosão
explosive,explosivo,explosif,eksplozyon,explosivo
export,exportar,exporter,ekspòtasyon,exportar
expose,exponer,exposer,ekspoze,expor
exposition,exposición,exposition,ekspozisyon,exposição
express,expresar,exprimer,ekspozisyon,expressar
expression,expresión,expression,ekspresyon,expressão
extend,extender,étendre,ekspresyon,estender
extension,extensión,extension,ekstansyon,extensão
extensive,extenso,extensif,ekstansyon,extenso
extent,xxx,xxx,ekstansyon,extensão
external,externo,externe,ekstèn,externo
extra,extra,xxx,ekstèn,extra
extract,extracto,extrait,ekstrè,extrair
extraordinary,extraordinario,extraordinaire,ekstraòdinè,extraordinário
extravagant,extravagante,extravagant,ekstravagan,extravagante
extreme,extremo,extrême,ekstrèm,extremo
facade,fachada,façade,fasad,fachada
facilitate,facilitar,faciliter,fasilite,facilitar
fact,xxx,fait,fasilite,fato
factor,factor,facteur,faktè,fator
factory,xxx,xxx,faktori,xxx
failure,falla,xxx,faktori,falha
false,falso,xxx,faktori,falso
familiar,familiar,familier,faktori,familiar
family,familia,famille,fanmi,família
famous,famoso,xxx,fanmi,famoso
fanatic,fanático,fanatique,fanatik,fanático
fantastic,fantástico,fantastique,fanatik,fantástico
fascinate,fascinar,fasciner,fanatik,fascinar
fascist,fascista,fasciste,fachis,fascista
fatten,entiendo,xxx,fachis,xxx
fault,falla,faute,fachis,falta
favor,favor,xxx,favè,favor
favorable,favorable,favorable,favorab,favorável
favorite,favorito,xxx,favorab,favorito
favour,favor,xxx,favorab,favor
favourite,favorito,xxx,favorab,favorito
feast,xxx,festin,favorab,xxx
federal,federal,fédéral,federal,federal
federation,federación,fédération,federasyon,federação
female,femenino,femelle,federasyon,fêmea
feminine,femenino,féminin,federasyon,feminino
ferment,fermentar,fermenter,fèmante,fermentar
ferocious,feroz,féroce,feròs,feroz
festival,festival,festival,festival,festival
festive,festivo,de fête,fèstivite,festivo
fever,xxx,fièvre,fèstivite,xxx
fiction,ficción,fiction,fiksyon,ficção
fierce,feroz,féroce,feròs,feroz
figure,xxx,chiffre,feròs,figura
filament,filamento,filament,filaman,filamento
film,xxx,film,fim,filme
filtre,filtrado,filtre,filtre,filtrado
final,final,final,final,final
finally,finalmente,enfin,finalman,finalmente
finance,finanzas,finance,finans,financiar
finish,finalizar,finition,finans,xxx
finite,finito,fini,fini,finito
firm,firme,ferme,fèm,xxx
flame,llama,flamme,fèm,xxx
flash,xxx,xxx,flash,xxx
flatten,xxx,xxx,plati,xxx
flavor,sabor,xxx,plati,sabor
flexible,flexible,flexible,fleksib,flexível
float,flotar,flotter,flote,xxx
flower,flor,fleur,flè,flor
fluctuate,fluctuar,fluctuer,fluktue,flutuar
fluency,fluidez,xxx,fasilite,fluência
focus,enfocar,xxx,fasilite,foco
forbid,prohibir,xxx,fasilite,proibir
force,fuerza,forcer,fòs,vigor
forest,xxx,forêt,fòs,floresta
form,forma,formulaire,fòm,forma
formal,formal,xxx,fòmèl,formal
format,formato,format,fòma,formatar
formation,formación,formation,fòmasyon,formação
formula,fórmula,formule,fòmil,fórmula
fortunate,afortunado,xxx,fòmil,afortunado
fortune,fortuna,fortune,fòtin,fortuna
forum,foro,forum,fowòm,fórum
foundation,xxx,fondation,fondasyon,fundação
founded,fundado,fondé,founde,fundado
fragile,frágil,fragile,frajil,frágil
frequency,frecuencia,fréquence,frekans,freqüência
frequent,frecuente,fréquent,frekans,freqüente
fresh,fresco,xxx,frekans,fresco
friction,fricción,friction,friksyon,xxx
front,frente,xxx,friksyon,frente
fruit,fruta,fruit,fwi,fruta
function,función,fonction,fonksyon,função
functionalism,funcionalismo,fonctionnalisme,fonksyonalite,funcionalismo
fund,xxx,fonds,fon,fundo
fundamental,fundamental,fondamental,fondamantal,fundamental
funeral,funeral,funérailles,fineray,funeral
furious,furioso,furieux,fineray,furioso
furnish,xxx,fournir,founi,xxx
future,futuro,xxx,founi,futuro
gaiety,xxx,gaieté,founi,xxx
galaxy,galaxia,galaxie,galaksi,galáxia
gallon,galón,gallon,galon,galão
garage,xxx,garage,garaj,garagem
garden,jardín,jardin,jaden,jardim
gardenia,gardenia,gardénia,gardenia,gardênia
gas,gas,gaz,gaz,gás
gender,género,genre,gender,gênero
genealogy,genealogía,généalogie,jeneyaloji,genealogia
general,general,général,jeneral,em geral
generate,generar,générer,jenere,gerar
generation,generación,génération,jenerasyon,geração
generous,generoso,généreux,jenere,generoso
gentle,xxx,xxx,jenere,gentil
gentleman,xxx,gentilhomme,jenere,xxx
giraffe,jirafa,girafe,jiraf,girafa
gland,glándula,glande,glann,glândula
global,global,xxx,glann,global
globe,globo,globe,glòb,globo
glorious,glorioso,glorieux,glòb,glorioso
glory,gloria,gloire,glòb,glória
glucose,glucosa,glucose,glikoz,glicose
golf,golf,golf,gòlf,golfe
gorilla,gorila,gorille,goril,gorila
govern,gobernar,gouverner,gouvène,governar
government,gobierno,gouvernement,gouvènman an,governo
governor,gobernador,gouverneur,gouvènè,governador
grace,gracia,grâce,gouvènè,graça
gracious,gracioso,gracieux,grasyeu,gracioso
grade,grado,grade,grasyeu,xxx
gradual,gradual,graduel,gradyèl,gradual
grain,grano,grain,grenn,xxx
grammar,gramática,grammaire,gramè,gramática
grammatical,gramático,grammatical,gramatikal,gramatical
grand,xxx,xxx,gramatikal,grande
granite,granito,granit,granit,granito
grant,xxx,xxx,grant,xxx
grapheme,grafema,graphème,grafèm,grafema
grass,xxx,xxx,grafèm,grama
grateful,agradecido,xxx,grafèm,grato
gratis,gratis,gratuit,gratis,xxx
grease,grasa,graisse,gratis,graxa
group,grupo,groupe,gwoup,grupo
guarantee,garantizar,garantie,garanti,garantia
guard,guardia,garde,garanti,guarda
guide,guía,guide,gid,guia
guitar,guitarra,guitare,gita,guitarra
habit,hábito,habitude,abitid,hábito
harmony,armonía,harmonie,amoni,harmonia
hatred,xxx,haine,amoni,xxx
headdress,xxx,xxx,headdress,xxx
helicopter,helicóptero,hélicoptère,elikoptè,helicóptero
hesitate,xxx,hésiter,ezite,hesite
hesitation,xxx,hésitation,ezitasyon,hesitação
hiatus,hiato,hiatus,interruption,hiato
hierarchy,jerarquía,hiérarchie,yerachi,hierarquia
hindrance,xxx,xxx,antrav,xxx
hippopotamus,hipopótamo,hippopotame,ipopotam,hipopótamo
history,historia,histoire,istwa,história
homonym,homónimo,homonyme,omonim,homônimo
homophone,homófono,homophone,omofòn,homófono
honest,honesto,honnête,omofòn,honesto
honesty,honestidad,honnêteté,omofòn,xxx
honor,honor,honneur,onè,honra
honour,honor,honneur,onè,honra
horizon,horizonte,horizon,orizon,horizonte
horizontal,horizontal,horizontal,orizontal,horizontal
hospital,hospital,hôpital,lopital,hospital
hotel,hotel,hôtel,otèl,hotel
hour,hora,heure,otèl,hora
human,humano,humain,imen,humano
humble,humilde,humble,imen,humilde
hurrah,hurra,hourra,imen,xxx
hurry,apurarse,xxx,imen,xxx
hybrid,híbrido,hybride,ibrid,híbrido
hypothesis,hipótesis,hypothèse,ipotèz,hipótese
icon,icono,icône,icon,ícone
idea,idea,idée,lide,ideia
ideal,ideal,idéal,ideyal,ideal
idealism,idealismo,idéalisme,ideyalis,idealismo
identical,idéntico,identique,idantik,idêntico
identification,identificación,identification,idantifikasyon,identificação
identify,identificar,identifier,idantifye,identificar
identity,identidad,identité,idantite,identidade
ideology,ideología,idéologie,ideoloji,ideologia
idiom,xxx,idiome,idiom,idioma
ignorant,ignorante,ignorant,inyoran,ignorante
ignore,ignorar,ignorer,inyore,ignorar
illustrate,ilustrar,illustrer,ilistre,ilustrar
image,imagen,image,imaj,imagem
imaginary,imaginario,imaginaire,imajinè,imaginário
imaginative,imaginativo,imaginatif,imajinè,imaginativo
imagine,imaginar,imaginer,imajine,imaginar
imitate,imitar,imiter,imite,imitar
imitation,imitación,imitation,imitasyon,imitação
immediate,inmediato,immédiat,imedya,imediato
immediately,inmediatamente,immédiatement,imedyatman,imediatamente
immense,inmenso,immense,imans,imenso
immigrant,inmigrante,immigrant,imigran,imigrante
immigrate,inmigrar,immigrer,imigre,imigrar
impact,impacto,impact,enpak,impacto
impatience,impaciencia,impatience,enpasyans,impaciência
imperative,imperativo,impératif,enperatif,imperativo
implement,implementar,xxx,enperatif,implementar
implicate,implicar,impliquer,enplike,implicar
implication,implicación,implication,enplikasyon,implicação
implicit,implícito,implicite,implicite,implícito
implore,implorar,implorer,implicite,implorar
imply,implicar,impliquer,implique,implicar
import,importar,importer,enpòte,importar
importance,importancia,importance,enpòtans,importância
important,importante,important,enpòtan,importante
impose,imponer,imposer,enpoze,impor
impossible,imposible,impossible,enposib,impossível
impression,impresión,impression,enpresyon,impressão
inanimate,inanimado,inanimé,inanime,inanimado
incentive,incentivo,incitation,inanime,incentivo
incidence,incidencia,incidence,ensidans,incidência
incline,inclinación,inclinaison,enklinezon,inclinação
include,incluir,inclure,enklinezon,incluir
inclusive,inclusivo,xxx,enklinezon,inclusivo
incompatibility,incompatibilidad,incompatibilité,enkonpatibilite,incompatibilidade
incorporate,incorporar,xxx,enkòpore,incorporar
incredible,increíble,incroyable,enkwayab,incrível
incurable,incurable,incurable,incurable,incurável
indeed,en efecto,en effet,incurable,xxx
independence,independencia,indépendance,endepandans,independência
index,índice,indice,endèks,índice
indexation,indexación,indexation,endèksasyon,indexação
indicate,indicar,indiquer,endike,indicar
indicative,indicativo,indicatif,indicatif,indicativo
indicator,indicador,indicateur,endikatè,indicador
individual,individual,individuel,endividyèl,individual
indoor,interior,intérieur,endividyèl,interior
induce,inducir,induire,endividyèl,induzir
industry,industria,industrie,endistri,indústria
inevitable,inevitable,inévitable,inevitab,inevitável
infer,inferir,xxx,enfer,inferir
inference,inferencia,inférence,enferans,inferência
infinitive,infinitivo,infinitif,enfinitif,infinitivo
influence,influencia,influence,enfinitif,influência
influential,influyente,influent,enfliyan,influente
inform,informar,informer,enfliyan,informar
information,información,information,enfòmasyon,Informação
infrastructure,infraestructura,infrastructure,enfrastrikti,infraestrutura
inherent,inherente,inhérent,enfrastrikti,inerente
inhibit,inhibir,inhiber,enfrastrikti,inibir
initial,inicial,initial,inisyal,inicial
initiate,iniciado,initié,inisye,iniciar
innocence,inocencia,innocence,inosan,inocência
innovate,innovar,innover,inove,inovar
insect,insecto,insecte,ensèk,inseto
inseparable,inseparable,inséparable,inséparabl,inseparável
insert,insertar,insérer,insert,inserir
insight,xxx,xxx,insight,xxx
insist,insistir,insister,ensiste,insistir
inspect,inspeccionar,inspecter,enspekte,inspecionar
inspection,inspección,inspection,enspeksyon,inspeção
instance,instancia,xxx,istan,xxx
instant,instante,instantané,enstantane,xxx
instinct,instinto,instinct,ensten,instinto
institute,instituto,institut,enstiti,instituto
instruct,instruir,instruire,enstwi,instruir
instruction,instrucción,instruction,enstriksyon,instrução
instrument,instrumento,instrument,enstriman,instrumento
insult,insulto,insulte,enstriman,insulto
insurance,xxx,assurance,asirans,xxx
insure,xxx,assurer,asire,xxx
integral,integral,intégral,entegral,integrante
integrate,integrar,intégrer,entegre,integrar
integrity,integridad,intégrité,entegrite,integridade
intelligence,inteligencia,intelligence,entèlijans,inteligência
intelligent,inteligente,intelligent,entèlijan,inteligente
intend,pretender,xxx,entèlijan,pretende
intense,intenso,intense,entans,intenso
intensity,intensidad,intensité,entansite,intensidade
intention,intención,intention,entansyon,intenção
interact,interactuar,interagir,interact,interagir
interaction,interacción,interaction,entèraksyon,interação
interest,interés,intérêt,enterè,interesse
interesting,interesante,intéressant,enteresan,interessante
interfere,interferir,interférer,entèfere,interferir
interference,interferencia,ingérence,entèferans,interferência
intermediate,intermedio,intermédiaire,entèmedyè,intermediário
internal,interno,interne,entèn,interno
international,internacional,international,entènasyonal,internacional
interpolation,interpolación,interpolation,entèpolasyon,interpolação
interpret,interpretar,interpréter,entèprete,interpretar
interpretation,interpretación,interprétation,entèpretasyon,interpretação
interrupt,interrumpir,interrompre,entèwonp,interromper
interruption,interrupción,interruption,entèripsyon,interrupção
interval,intervalo,intervalle,entèval,intervalo
intervene,intervenir,intervenir,entèvni,intervir
intrinsic,intrínseco,intrinsèque,intrinsèque,intrínseco
introduce,introducir,introduire,intrinsèque,introduzir
introduction,introducción,introduction,entwodiksyon,introdução
invent,inventar,inventer,envante,inventar
invention,invención,invention,envansyon,invenção
inventor,inventor,inventeur,envanteur,inventor
invest,invertir,investir,envesti,investir
investigate,investigar,xxx,envestige,investigar
invitation,invitación,invitation,envitasyon,xxx
invite,invitar,inviter,envite,convidar
invoke,invocar,invoquer,envoke,invocar
involve,involucrar,xxx,envoke,envolver
inward,interior,intérieur,envoke,xxx
island,isla,île,zile,ilha
isolate,aislar,isoler,izole,isolar
item,xxx,xxx,izole,item
jargon,jerga,jargon,jagon,jargão
jealous,celoso,jaloux,jalouzi,xxx
jealousy,celos,jalousie,jalouzi,xxx
joint,xxx,xxx,jwenti,xxx
journal,xxx,journal,jounal,jornal
journalist,xxx,journaliste,jounalis,jornalista
judge,juez,juge,jij,juiz
judgement,juicio,jugement,jijman,julgamento
justice,justicia,justice,jistis,justiça
justification,justificación,justification,jistifikasyon,justificação
justify,justificar,justifier,jistifye,justificar
juvenile,juvenil,juvénile,jivenil,juvenil
kangaroo,canguro,kangourou,kangouwou,canguru
karate,kárate,karaté,karate,karatê
kayak,kayac,kayak,kayak,caiaque
khaki,caqui,kaki,kaki,cáqui
kilogram,kilogramo,kilogramme,kilogram,quilograma
kiloliter,kilolitros,kilolitres,kilolit,quilolitros
kilometer,kilómetro,kilomètre,kilomèt,quilômetro
kilowatt,kilovatio,kilowatt,kilowat,quilowatt
labor,labor,xxx,kilowat,xxx
lament,lamento,xxx,kilowat,lamento
lamp,lámpara,lampe,lanp,lâmpada
language,xxx,langue,lang,linguagem
laser,láser,laser,lazè,laser
leader,líder,xxx,lidè,líder
leadership,xxx,xxx,lidèchip,xxx
lecture,xxx,xxx,lekti,xxx
legal,legal,légal,legal,xxx
legality,legalidad,légalité,legalite,legalidade
legislate,legislar,légiférer,lejislasyon,legislar
legislative,legislativo,législatif,lejislatif,legislativo
lemon,limón,xxx,lejislatif,limão
lemonade,limonada,limonade,limonad,limonada
length,longitud,longueur,longè,xxx
lengthen,xxx,xxx,lonje,xxx
lens,lente,lentille,lantiy,lente
leopard,leopardo,léopard,leyopa,leopardo
lesson,lección,leçon,leson,lição
letter,xxx,lettre,leson,xxx
level,nivel,xxx,leson,nível
lexicon,léxico,lexique,leksik,léxico
liberal,liberal,libéral,liberal,liberal
liberalization,liberalización,libéralisation,liberalizasyon,liberalização
liberation,liberación,libération,liberasyon,libertação
liberty,libertad,liberté,libète,liberdade
libretto,libreto,livret,libreto,libreto
licence,licencia,licence,lisans,licença
license,licencia,licence,lisans,licença
limit,límite,limite,limit,limite
line,línea,xxx,liy,linha
linguistics,lingüística,linguistique,lengwistik,linguística
lion,león,lion,lyon,leão
lipstick,xxx,xxx,lipstick,xxx
liquid,líquido,liquide,likid,líquido
list,lista,liste,lis,lista
literary,literario,littéraire,literè,literário
literature,literatura,littérature,literati,literatura
local,local,locale,lokal,local
locate,localizar,xxx,lokalize,localizar
logic,lógica,logique,lojik,lógica
long,xxx,long,lontan,longo
loyal,xxx,loyal,lontan,xxx
loyalty,xxx,loyauté,lontan,xxx
lucid,lúcido,lucide,lisid,lúcido
machine,máquina,machine,machin,máquina
machinery,maquinaria,machinerie,machin,maquinaria
magic,magia,magie,majik,magia
magician,mago,magicien,majisyen,mágico
magnetic,magnético,magnétique,mayetik,magnético
magnificent,magnífico,magnifique,manyifik,magnífico
maintain,mantener,maintenir,manyifik,manter
major,mayor,majeur,manyifik,xxx
manipulate,manipular,manipuler,manipile,manipular
manipulation,manipulación,manipulation,manipilasyon,manipulação
mankind,humanidad,xxx,manipilasyon,humanidade
manner,manera,manière,manipilasyon,maneiras
manual,manual,manuel,manyèl,manual
manuscript,manuscrito,manuscrit,maniskri,manuscrito
march,marzo,mars,mach,marchar
margin,margen,marge,maj,margem
marionette,marioneta,marionnette,marionèt,marionete
market,xxx,marché,mache,xxx
marriage,xxx,mariage,maryaj,xxx
marry,xxx,marier,marye,xxx
masculine,masculino,masculin,maskilen,masculino
master,maestro,maître,maskilen,mestre
match,xxx,xxx,match,xxx
material,material,matériel,materyèl,material
mathematics,matemáticas,mathématiques,matematik,matemática
matrix,matriz,matrice,matris,matriz
matter,xxx,matière,matyè,matéria
mature,maduro,mature,matirite,maduro
maximise,maximizar,maximiser,makximize,maximizar
maximize,maximizar,maximiser,maksimize,maximizar
maximum,máximo,maximum,maksimòm,máximo
measure,xxx,mesure,maksimòm,medir
mechanic,mecánico,mécanicien,mekanisyen,mecânico
mechanism,mecanismo,mécanisme,mekanis,mecanismo
medal,medalla,médaille,meday,medalha
media,xxx,médias,medya,mídia
mediate,mediar,médiat,medyatè,mediar
medical,médico,médical,medikal,médico
medicine,medicamento,médecine,medikal,medicamento
medium,medio,moyen,mwayen,médio
melody,melodía,mélodie,melodi,melodia
member,miembro,membre,melodi,membro
memory,memoria,mémoire,memwa,memória
mental,mental,mental,mantal,mental
mention,mencionar,mention,mansyone,menção
merchant,comerciante,marchand,machann,comerciante
mercy,merced,xxx,machann,xxx
message,mensaje,message,mesaj,mensagem
messenger,xxx,messager,mesaje,mensageiro
metal,metal,métal,metal,metal
metaphor,metáfora,métaphore,metafò,metáfora
method,método,méthode,metòd,método
methodology,metodología,méthodologie,metodoloji,metodologia
metric,métrico,métrique,metrik,métrica
micro,micro,micro,mikwo,micro
microscope,microscopio,microscope,mikwoskòp,microscópio
migrate,emigrar,émigrer,emigre,migrar
military,militar,militaire,militè,militares
million,millón,million,milyon,milhão
mind,mente,xxx,milyon,mente
mineral,mineral,minéral,mineral,mineral
miniature,miniatura,miniature,mineral,miniatura
minimal,mínimo,minimal,minim,mínimo
minimise,minimizar,minimiser,minimize,minimizar
minimize,minimizar,minimiser,minimize,minimizar
minimum,mínimo,minimum,minimòm,mínimo
minister,ministro,ministre,minis,ministro
ministry,ministerio,ministère,ministè,ministério
minor,menor,mineure,minè,menor
minute,minuto,minute,minit,minuto
minutes,minutos,minutes,minit,minutos
miracle,milagro,miracle,mirak,milagre
miserable,miserable,misérable,mizerab,miserável
misery,miseria,misère,mizerab,miséria
mixture,xxx,xxx,mizerab,mistura
mobile,móvil,mobile,mobil,móvel
modality,modalidad,modalité,modalite,modalidade
mode,modo,mode,mòd,modo
model,modelo,modèle,modèl,modelo
moderate,moderado,modéré,modere,moderado
moderation,moderación,modération,modération,moderação
modern,moderno,moderne,modèn,moderno
modest,modesto,modeste,modès,modesto
modesty,modestia,modestie,modesti,modéstia
modify,modificar,modifier,modifye,modificar
moment,momento,moment,moman,momento
momentary,momentáneo,momentané,momantane,momentâneo
monitor,monitor,moniteur,monitor,monitor
monument,monumento,monument,moniman,monumento
moral,moral,morale,moral,moral
morning,xxx,matin,moral,xxx
motherly,xxx,maternelle,moral,xxx
motion,xxx,mouvement,mouvman,movimento
motive,motivo,motif,motif,motivo
motor,motor,moteur,motè,motor
mountain,montaña,montagne,motè,montanha
mouth,xxx,bouche,bouch,xxx
movement,movimiento,mouvement,mouvman,movimento
multilingual,xxx,multilingue,mouvman,multilíngue
multiplication,multiplicación,multiplication,miltiplikasyon,multiplicação
multiply,multiplicar,multiplier,miltipliye,multiplicar
murder,xxx,meurtre,miltipliye,xxx
music,música,musique,mizik,música
musician,músico,musicien,mizik,músico
mutation,mutación,mutation,mitasyon,mutação
mutual,mutual,mutuel,mityèl,mútuo
mystery,misterio,mystère,mistè,mistério
name,nombre,nom,non,nome
nation,nación,nation,nasyon,nação
national,nacional,national,nasyonal,nacional
nationality,nacionalidad,nationalité,nasyonalite,nacionalidade
native,nativo,xxx,nasyonalite,nativo
natural,natural,naturel,natirèl,natural
naturally,naturalmente,naturellement,natirèlman,naturalmente
nature,xxx,nature,natirèlman,natureza
navigation,navegación,navigation,navigasyon,navegação
necessary,necesario,nécessaire,nesesè,necessário
necessity,necesidad,nécessité,nesesite,necessidade
nectar,néctar,nectar,nèktar,néctar
negate,negar,nier,nye,negar
negative,negativo,négatif,negatif,negativo
neglect,xxx,négligence,neglijans,xxx
negligence,negligencia,négligence,neglijans,negligência
negotiate,negociar,négocier,negosye,negociar
neither,xxx,xxx,negosye,nenhum
neon,neón,néon,negosye,néon
nephew,xxx,neveu,negosye,xxx
nervous,nervioso,nerveux,nève,nervoso
neurology,neurología,neurologie,newoloji,neurologia
neuter,neutro,neutre,net,neutro
neutral,neutral,neutre,net,neutro
neutron,neutrón,neutron,netwon,nêutron
niece,xxx,nièce,netwon,xxx
noble,noble,noble,netwon,nobre
norm,norma,norme,nòmal,norma
normal,normal,normale,nòmal,normal
normally,normalmente,normalement,nòmalman,normalmente
north,norte,xxx,nòmalman,norte
northern,xxx,xxx,nòmalman,norte
notable,notable,notable,nòmalman,notável
note,nota,note,note,xxx
notice,xxx,notice,note,xxx
notify,notificar,notifier,notifye,notificar
notion,noción,notion,nosyon,noção
nuclear,nuclear,nucléaire,nikleyè,nuclear
nuisance,xxx,nuisance,nwuizans,xxx
number,número,nombre,nimewo,número
numeral,número,numéral,nimeral,numeral
numerator,numerador,numérateur,nimeratè,numerador
numerous,numeroso,nombreux,nimeratè,numerosos
nursery,xxx,nursery,nimeratè,xxx
nutrition,nutrición,nutrition,nitrisyon,nutrição
obedience,obediencia,obéissance,obeyisans,obediência
obedient,obediente,obéissant,obeyisan,obediente
object,objeto,objet,objè,objeto
objection,objeción,objection,objeksyon,objeção
objective,objetivo,objectif,objektif,objetivo
observatory,observatorio,observatoire,obsèvatwa,observatório
observe,observar,observer,obsève,observar
obstruction,obstrucción,obstruction,obstakl,obstrução
obtain,obtener,obtenir,obstakl,obter
obvious,obvio,xxx,obstakl,óbvio
occasion,ocasión,occasion,okazyon,ocasião
occupy,ocupar,occuper,okipe,ocupar
occur,ocurrir,xxx,okipe,ocorrer
occurrence,xxx,occurrence,okipe,ocorrência
ocean,océano,océan,oseyan,oceano
odor,olor,odeur,odè,odor
offence,ofensa,xxx,ofans,ofensa
offend,ofender,offenser,ofans,ofender
offer,oferta,offre,ofans,oferecer
office,oficina,xxx,ofans,xxx
officer,xxx,officier,ofisye,xxx
official,oficial,officiel,ofisyèl,oficial
offset,xxx,compenser,offset,xxx
often,xxx,souvent,offset,xxx
oligarchy,oligarquía,oligarchie,oligachi,oligarquia
omission,omisión,omission,omisyon,omissão
opaque,opaco,opaque,opak,opaco
operate,xxx,xxx,opere,operar
operation,operación,opération,operasyon,operação
operator,operador,opérateur,operatè,operador
opinion,opinión,xxx,opinyon,opinião
opium,opio,opium,opyòm,ópio
opportunity,oportunidad,opportunité,opòtinite,oportunidade
oppose,xxx,opposer,opoze,xxx
opposite,opuesto,opposé,opoze,oposto
opposition,oposición,opposition,opozisyon,oposição
optician,óptico,opticien,optik,oculista
optics,óptica,optique,optik,óptica
optimism,optimismo,optimisme,optimis,otimismo
option,opción,option,opsyon,opção
orange,naranja,orange,zoranj,laranja
orchestra,orquesta,orchestre,òkès,orquestra
order,orden,xxx,lòd,ordem
ordinal,ordinal,ordinal,ordinal,ordinal
ordinary,xxx,ordinaire,òdinè,ordinário
organ,órgano,organe,ògàn,órgão
organise,organizar,organiser,òganize,organizar
organism,organismo,organisme,òganis,organismo
organization,organización,organisation,òganizasyon,organização
organize,organizar,organiser,òganize,organizar
orient,orientar,orient,oryante,orientar
orientation,orientación,orientation,oryantasyon,orientação
origin,origen,origine,orijin,origem
original,original,original,orijinal,original
ornament,ornamento,ornement,orneman,ornamento
oval,oval,ovale,oval,oval
overall,xxx,xxx,oval,geral
ovulation,ovulación,ovulation,ovilasyon,ovulação
oxygen,oxígeno,oxygène,oksijèn,oxigênio
pacify,pacificar,pacifier,pasifye,pacificar
package,xxx,xxx,pasifye,pacote
page,página,page,paj,página
paging,paginación,pagination,paging,paginação
paint,pintar,peinture,paging,pintar
palace,palacio,palais,palè,palácio
panel,panel,panneau,panèl,painel
panic,pánico,panique,panik,pânico
paper,papel,papier,papye,papel
papyrus,papiro,papyrus,papiris,papiro
parachute,paracaídas,parachute,parachit,pára-quedas
paradigm,paradigma,paradigme,paradigm,paradigma
paragraph,párrafo,paragraphe,paragraf,parágrafo
parallel,paralelo,parallèle,paralèl,paralelo
paralyze,paralizar,paralyser,paralize,paralisar
parameter,parámetro,paramètre,paramèt,parâmetro
paraphrase,paráfrasis,paraphrase,parafraz,paráfrase
parcel,parcela,xxx,pasèl,parcela
pardon,perdón,pardon,padon,perdão
parent,padre,xxx,paran,xxx
park,parque,parc,pak,parque
part,parte,partie,pati,xxx
participate,participar,participer,patisipe,participar
participation,participación,participation,patisipasyon,participação
participle,participio,participe,patisip,particípio
particle,partícula,particule,patikil,partícula
particular,particular,particulier,patikilye,xxx
partner,pareja,partenaire,patnè,parceiro
passage,xxx,passage,pasaj,passagem
passenger,pasajero,passager,pasaje,passageiro
passive,pasivo,passif,pasif,passiva
past,pasado,passé,sot pase,passado
paste,pasta,xxx,sot pase,xxx
pastry,pasteles,xxx,patisri,xxx
patience,paciencia,patience,pasyans,paciência
patient,paciente,patient,pasyan,paciente
patriotic,patriótico,patriotique,patriyotik,patriótico
pattern,patrón,xxx,patriyotik,xxx
pause,pausa,pause,poz,pausa
pearl,perla,perle,poz,pérola
peculiar,peculiar,particulier,poz,peculiar
penguin,pingüino,xxx,pengwen,pinguim
penny,xxx,penny,pengwen,xxx
people,xxx,personnes,pengwen,xxx
perceive,percibir,percevoir,perseye,perceber
percent,por ciento,pour cent,pousan,por cento
perfect,perfecto,parfait,pafè,perfeito
perfection,perfección,perfection,pèfeksyon,perfeição
performance,xxx,performance,pèfòmans,xxx
perfume,perfume,parfum,pafen,perfume
period,período,période,peryòd,período
permanent,permanente,permanent,pèmanan,permanente
permission,permiso,autorisation,pèmisyon,permissão
permit,permiso,permis,pèmisyon,permitir
persist,persistir,persister,pèsiste,persistir
person,persona,personne,pèsiste,pessoa
perspective,perspectiva,perspective,pèspektiv,perspectiva
persuade,persuadir,persuader,pèspektiv,persuadir
persuasion,persuasión,persuasion,pèspektiv,persuasão
phase,fase,phase,faz,fase
phenomenon,fenómeno,phénomène,fenomèn,fenómeno
philosophy,filosofía,philosophie,filozofi,filosofia
phone,teléfono,téléphone,telefòn,telefone
phoneme,fonema,phonème,fonèm,fonema
phonetics,fonética,phonétique,fonetik,fonética
photo,foto,photo,foto,foto
photograph,fotografía,photographier,foto,fotografia
photographer,fotógrafo,photographe,fotograf,fotógrafo
photography,fotografía,photographie,fotografi,fotografia
physical,físico,physique,fizik,físico
physiology,fisiología,physiologie,fizyoloji,fisiologia
piano,piano,piano,pyano,piano
pigeon,xxx,pigeon,pijon,xxx
pinch,pellizco,pincer,pijon,xxx
pioneer,pionero,pionnier,pyonye,pioneiro
pirate,pirata,pirate,pyonye,pirata
plain,plano,plaine,plenn,xxx
plan,plan,plan,plan,plano
planet,planeta,planète,planèt,planeta
planetarium,planetario,planétarium,planetaryom,planetário
plant,planta,xxx,plant,plantar
plaster,xxx,plâtre,plant,xxx
plate,xxx,plaque,plant,placa
pleasure,placer,plaisir,plezi,prazer
plural,plural,pluriel,pliryèl,plural
pocket,xxx,poche,pliryèl,xxx
poem,poema,poème,powèm,poema
poetry,poesía,poésie,pwezi,poesia
point,xxx,xxx,pwezi,apontar
poison,xxx,poison,pwazon,xxx
polarity,polaridad,polarité,polarite,polaridade
polarization,polarización,polarisation,polarizasyon,polarização
police,policía,police,lapolis,polícia
policy,política,politique,politik,política
polish,polaco,polonais,polonè,polonês
polite,xxx,xxx,politès,xxx
political,político,politique,politik,político
politician,político,politicien,politisyen,político
politics,política,politique,politik,política
popular,popular,populaire,popilè,popular
population,población,population,popilasyon,população
portion,parte,partie,pòsyon,parte
pose,posar,pose,poze,pose
position,posición,position,pozisyon,posição
positive,positivo,positif,pozitif,positivo
possess,poseer,posséder,posede,possuir
possession,posesión,possession,posesyon,xxx
possessor,poseedor,possesseur,posesè,possuidor
possible,posible,possible,posib,possível
postpone,posponer,xxx,posib,xxx
potential,potencial,potentiel,potansyèl,potencial
poverty,xxx,xxx,povrete,xxx
powder,xxx,poudre,povrete,xxx
power,poder,pouvoir,pouvwa,poder
practical,práctico,pratique,pratik,prático
practice,práctica,pratique,pratik,prática
practitioner,xxx,praticien,pratisyonè,praticante
preach,predicar,prêcher,preche,pregar
precede,preceder,précéder,precede,preceder
precious,precioso,précieux,presye,precioso
precise,preciso,précis,presi,preciso
predict,predecir,prédire,predi,prever
predominant,predominante,prédominant,dominant,predominante
prefer,preferir,préférer,prefere,prefiro
preference,preferencia,préférence,preferans,preferência
prefix,prefijo,préfixe,prefiks,prefixo
prejudice,prejuicio,préjugé,prejije,xxx
preliminary,preliminar,préliminaire,preliminè,preliminares
prepare,preparar,préparer,prepare,preparar
preposition,preposición,préposition,prepozisyon,preposição
presence,presencia,présence,prezans,presença
present,presente,présent,prezan,presente
preserve,preservar,préserver,prezève,preservar
president,presidente,président,prezidan,presidente
press,prensa,presse,prezidan,imprensa
pressure,presión,pression,presyon,pressão
presume,presumir,présumer,prezime,presumir
pretence,pretensión,prétexte,pretansyon,pretensão
pretend,pretender,prétendre,pretansyon,xxx
prevent,prevenir,prévenir,pretansyon,xxx
prevention,prevención,prévention,prevansyon,prevenção
previous,previo,précédent,prevansyon,xxx
price,precio,xxx,prevansyon,preço
primary,primario,primaire,primè,primário
prime,primo,prime,premye,xxx
principal,principal,principal,prensipal,principal
principle,principio,principe,prensip,princípio
print,imprimir,imprimer,enprime,imprimir
prior,previo,xxx,enprime,anterior
priority,prioridad,priorité,priyorite,prioridade
prison,prisión,prison,prizon,prisão
prisoner,prisionero-a,prisonnier,prizonye,prisioneiro-a
private,privado,privé,prive,privado
probable,probable,probable,pwobab,xxx
problem,problema,problème,pwoblèm,problema
proceed,proceder,procéder,pwoblèm,prosseguir
process,proceso,processus,pwosesis,processo
procession,procesión,procession,pwosesyon,procissão
produce,producir,produire,pwodui,produzir
product,producto,produit,pwodwi,produto
production,producción,production,pwodiksyon,produção
productivity,productividad,productivité,pwodiktivite,produtividade
profession,profesión,profession,pwofesyon,profissão
professional,profesional,professionnel,pwofesyonèl,profissional
profit,xxx,profit,pwofi,xxx
program,programa,programme,pwogram,programa
programme,programa,programme,pwogram,programa
progress,progreso,progrès,pwogrè,progresso
prohibit,prohibir,xxx,pwogrè,proibir
project,proyecto,projet,pwojè,projeto
promise,promesa,promesse,pwomès,promessa
promote,promover,promouvoir,pwomote,promover
pronoun,pronombre,pronom,pwonon,pronome
pronounce,pronunciar,prononcer,pwononse,pronunciar
pronunciation,pronunciación,prononciation,pwononsyasyon,xxx
proof,xxx,xxx,pwononsyasyon,prova
proper,xxx,approprié,apwopriye,xxx
property,propiedad,propriété,pwopriyete,propriedade
proportion,proporción,proportion,pwopòsyon,proporção
proposal,propuesta,proposition,pwopozisyon,proposta
propose,proponer,proposer,pwopoze,propor
proposition,proposición,proposition,pwopozisyon,proposição
prospect,prospecto,perspective,pwospè,perspectiva
protect,proteger,protéger,pwoteje,proteger
protection,protección,protection,pwoteksyon,proteção
protocol,protocolo,protocole,pwotokòl,protocolo
prove,probar,prouver,pwouve,provar
prudent,prudente,prudent,pridan,prudente
psychiatry,psiquiatría,psychiatrie,sikyatri,psiquiatria
psychoanalysis,psicoanálisis,psychanalyse,psikonaliz,psicanálise
psychology,psicología,psychologie,sikoloji,psicologia
public,público,publique,piblik,público
publication,publicación,publication,piblikasyon,publicação
publish,publicar,publier,pibliye,publicar
punctual,puntual,ponctuel,ponktyèl,pontual
punctuation,puntuación,ponctuation,ponktiyasyon,pontuação
punish,xxx,punir,ponktiyasyon,punir
purchase,xxx,achat,achte,xxx
purple,púrpura,xxx,achte,xxx
purpose,xxx,xxx,achte,propósito
pursue,perseguir,poursuivre,pouswiv,perseguir
puzzle,xxx,puzzle,pouswiv,xxx
quadrant,cuadrante,quadrant,kadran,quadrante
quadrilateral,cuadrilátero,quadrilatère,kwadrilateral,quadrilátero
qualification,calificación,qualification,kalifikasyon,qualificação
qualify,xxx,qualifier,kalifye,qualificar
qualitative,cualitativo,qualitatif,kalitatif,qualitativo
quality,calidad,qualité,bon jan kalite,qualidade
quantification,cuantificación,quantification,quantifikasyon,quantificação
quantity,xxx,quantité,kantite,quantidade
quarrel,xxx,querelle,kantite,xxx
quart,xxx,xxx,kantite,quarto
quarter,cuarto,quart,kantite,xxx
question,xxx,question,kesyon,xxx
questionnaire,cuestionario,questionnaire,kesyonè,questionário
quiet,xxx,xxx,kesyonè,quieto
quota,cuota,quota,kota,xxx
quote,xxx,xxx,quote,xxx
quotient,cociente,quotient,kosyan,quociente
radar,Radar,radar,rada,radar
radiation,radiación,radiation,radyasyon,radiação
radical,radical,radical,radikal,radical
radio,radio,radio,radyo,rádio
range,rango,xxx,ranje,xxx
rapid,rápido,rapide,rapid,rápido
rat,rata,rat,rat,rato
ratio,relación,rapport,ratio,razão
rational,racional,rationnel,rasyonèl,racional
razor,xxx,rasoir,razwa,xxx
react,reaccionar,réagir,reyaji,reagir
ready,xxx,xxx,reyaji,preparar
realise,xxx,réaliser,reyalize,xxx
reality,realidad,réalité,reyalite,realidade
realization,realización,réalisation,realizasyon,realização
reason,razón,raison,rezon,xxx
reasonable,razonable,raisonnable,rezonab,razoável
receipt,recibo,xxx,rezonab,recibo
receive,xxx,recevoir,rezonab,receber
recent,reciente,récent,resan,recente
recognise,reconocer,reconnaître,rekonèt,reconhecer
recognition,reconocimiento,reconnaissance,rekonèt,reconhecimento
recommend,recomendar,recommander,rekonèt,recomendar
reconstruction,reconstrucción,reconstruction,rekonstriksyon,reconstrução
record,registro,xxx,rekonstriksyon,registro
recover,recuperar,récupérer,retire,recuperar
rectangle,rectángulo,rectangle,rektang,retângulo
recursion,recursividad,récursivité,recursion,recursão
reduce,reducir,réduire,recursion,reduzir
reduction,reducción,réduction,rediksyon,redução
refer,xxx,référer,refere,xxx
reference,referencia,référence,referans,referência
refine,refinar,affiner,rafine,refinar
reflect,reflejar,refléter,reflete,refletir
reflection,reflexión,réflexion,refleksyon,reflexão
refresh,refrescar,rafraîchir,rafrechi,xxx
refuse,xxx,refuser,refize,recusar
regard,xxx,égard,refize,xxx
regime,régimen,régime,rejim,regime
region,región,région,rejyon an,região
register,registro,registre,rejyon an,registrar
regret,xxx,regret,regrèt,xxx
regular,regular,régulier,regilye,regular
regulate,regular,réglementer,reglemante,regular
reinforce,reforzarse,renforcer,ranfòse,reforçar
reinterpretation,reinterpretación,réinterprétation,reentèpretasyon,reinterpretação
reject,rechazar,rejeter,rejte,rejeitar
rejoice,xxx,réjouir,rejte,xxx
relate,relatar,xxx,rejte,xxx
relation,relación,relation,relasyon,relação
relative,relativo,relatif,relatif,relativo
relax,relajarse,xxx,relax,relaxar
relevance,xxx,xxx,relax,relevância
relevant,xxx,xxx,relevan,relevante
relief,xxx,relief,relevan,xxx
religion,religión,religion,relijyon,religião
reluctance,reluctancia,réluctance,relictance,relutância
remark,xxx,remarque,remak,xxx
remarkable,xxx,remarquable,remakab,xxx
remedy,xxx,remède,remèd,remédio
remind,recordar,xxx,remèd,xxx
remove,xxx,retirer,retire,remover
repair,reparar,xxx,retire,reparar
repeat,repetir,répéter,repete,repita
repetition,repetición,répétition,repetisyon,repetição
replace,reemplazar,remplacer,ranplase,xxx
reply,xxx,répondre,reponn,xxx
report,xxx,rapport,reponn,relatório
represent,representar,représenter,reprezante,representar
representation,representación,représentation,reprezantasyon,representação
representative,representante,représentant,reprezantan,representante
reproduce,reproducir,reproduire,repwodui,reproduzir
reproduction,reproducción,reproduction,repwodiksyon,reprodução
republic,república,république,repiblik,república
reputation,reputación,réputation,repitasyon,reputação
require,requerir,xxx,repitasyon,xxx
rescue,rescate,xxx,repitasyon,resgatar
research,xxx,recherche,rechech,xxx
reserve,reservar,réserve,rezève,reserva
reside,residir,résider,rezève,residir
resign,renunciar,xxx,demisyone,renunciar
resist,resistir,résister,reziste,resistir
resistance,resistencia,résistance,rezistans,resistência
resolve,resolver,résoudre,rezoud,resolver
resonance,resonancia,résonance,rezoud,ressonância
resource,recurso,ressource,resous,recurso
respect,respeto,respect,respè,respeito
respond,responder,répondre,reponn,responder
responsible,responsable,responsable,responsab,responsável
restaurant,restaurante,restaurant,restoran,restaurante
restore,restaurar,restaurer,restore,restaurar
restrain,xxx,retenir,restore,restrir
restrict,restringir,xxx,restriksyon,restringir
result,resultado,résultat,rezilta,resultado
retain,retener,retenir,retye,reter
retire,retirarse,se retirer,retye,xxx
return,xxx,retour,retounen,retornar
reunion,reunión,réunion,reunion,reunião
reveal,revelar,révéler,revele,revelar
revenge,xxx,vengeance,revele,xxx
revenue,xxx,revenu,revni,xxx
reverse,xxx,inverse,ranvèse,reverter
review,revisar,revoir,revize,xxx
revise,revisar,réviser,revize,rever
revision,revisión,révision,revizyon,revisão
revolution,revolución,révolution,revolisyon,revolução
reward,xxx,xxx,rekonpans,xxx
rhapsody,rapsodia,rhapsodie,rapsodi,rapsódia
rhetoric,retórica,rhétorique,rapsodi,retórica
rhyme,rima,rime,rime,rima
ribbon,xxx,ruban,riban,xxx
rich,rico,riche,rich,rico
rigid,rígido,rigide,rijid,rígido
rival,rival,rival,rival li,rival
rivalry,rivalidad,rivalité,rivalite,rivalidade
river,xxx,rivière,rivyè,xxx
robbery,xxx,xxx,rivyè,roubo
rock,roca,rocher,wòch,xxx
role,xxx,rôle,wòl,xxx
round,redondo,xxx,wòl,redondo
route,ruta,xxx,wout,rota
royal,xxx,royal,wayal,xxx
royalty,xxx,royauté,wayal,xxx
rythm,ritmo,rythm,ritm,ritmo
sacred,sagrado,sacré,sakre,sagrado
sacrifice,sacrificio,sacrifier,sakrifis,sacrifício
saddle,xxx,selle,sakrifis,xxx
sailor,marinero,xxx,sakrifis,xxx
salad,ensalada,salade,sòs salad,salada
salary,salario,salaire,salè,salário
sandwich,sándwich,sandwich,sandwich,sanduíche
satisfaction,satisfacción,satisfaction,satisfaksyon,satisfação
satisfactory,satisfactorio,satisfaisant,satisfezan,satisfatório
satisfy,satisfacer,satisfaire,satisfè,satisfazer
sauce,xxx,sauce,satisfè,xxx
saucer,xxx,soucoupe,satisfè,xxx
scale,escala,échelle,satisfè,escala
scarce,xxx,xxx,satisfè,escasso
scenario,xxx,scénario,senaryo,cenário
scene,escena,scène,senaryo,xxx
scenery,escenario,xxx,senaryo,xxx
schema,esquema,schéma,chema,esquema
scheme,esquema,schème,scheme,esquema
science,ciencia,science,syans,ciência
scientific,científico,scientifique,syantifik,científico
scientist,científico,scientifique,syantis,cientista
scope,xxx,xxx,syantis,escopo
scrape,xxx,xxx,grate,xxx
scratch,xxx,xxx,grate,xxx
screen,xxx,écran,grate,xxx
search,xxx,recherche,rechèch,xxx
season,estación,saison,sezon,xxx
second,segundo,xxx,sezon,segundo
secrecy,secreto,secret,sekrè,segredo
secret,secreto,secrète,sekrè,segredo
secretary,secretario,secrétaire,sekretè,secretário
section,sección,section,seksyon,seção
sector,sector,secteur,sektè,setor
secure,seguro,sécurisé,an sekirite,seguro
segment,segmento,segment,segman,segmento
segmentation,segmentación,segmentation,segmentasyon,segmentação
select,seleccionar,sélectionner,segmentasyon,selecione
selection,selección,sélection,seleksyon,seleção
semantics,semántica,sémantique,semantik,semântica
sense,sentido,sens,sans,senso
sensitive,sensible,sensible,sansib,xxx
separate,separado,séparé,separe,separar
separation,separación,séparation,separasyon,separação
sequence,secuencia,séquence,sekans,sequência
series,serie,série,seri,série
serious,xxx,sérieux,seri,sério
servant,servidor,serviteur,seri,servo
serve,xxx,servir,seri,servir
service,servicio,service,sèvis,serviço
settle,asentarse,xxx,regle,resolver
severe,severo,xxx,regle,xxx
sex,sexo,sexe,sèks,sexo
shake,xxx,xxx,souke,xxx
shift,xxx,xxx,shift,xxx
shilling,chelín,shilling,chilin,xxx
shoulder,xxx,épaule,chilin,xxx
signal,señal,signal,siyal,sinal
signature,xxx,signature,siyati,assinatura
significant,significativo,significatif,siyati,significativo
silence,silencio,silence,silans,silêncio
silent,xxx,xxx,silans,xxx
similar,similar,similaire,silans,semelhante
simple,simple,simple,silans,simples
simplicity,xxx,simplicité,senplisite,simplicidade
simplification,simplificación,simplification,senplifikasyon,simplificação
simplify,simplificar,simplifier,senplifye,simplificar
simulate,simular,simuler,simulation,simular
sincere,sincero,sincère,sensè,sincero
sincerity,sinceridad,sincérité,senserite,sinceridade
site,sitio,site,sit,site
situation,situación,situation,sitiyasyon,situação
slave,esclavo,esclave,esklav,escravo
slavery,esclavitud,esclavage,esklav,xxx
slide,deslizar,glisser,glise,deslizar
slippery,xxx,xxx,glise,xxx
smile,xxx,sourire,glise,xxx
social,social,sociale,sosyal,social
socialist,socialista,socialiste,sosyalis,socialista
society,sociedad,société,sosyete a,sociedade
sociology,sociología,sociologie,sosyoloji,sociologia
sofa,sofá,xxx,sofa,sofá
soldier,soldado,soldat,sòlda,soldado
sole,xxx,seul,sèl,xxx
solemn,solemne,solennel,solanèl,solene
solid,sólido,solide,solid,sólido
solidarity,solidaridad,solidarité,solidarite,solidariedade
solidify,solidificar,solidifier,solidifye,solidificar
solidity,solidez,solidité,solidite,solidez
solution,solución,solution,solisyon,solução
solve,resolver,résoudre,solisyon,resolver
sound,sonido,xxx,solisyon,xxx
source,xxx,source,sous,xxx
space,espacio,espace,sous,espaço
special,especial,spécial,espesyal,especial
specific,específico,spécifique,espesifik,específico
specify,especificar,spécifier,espesifize,especificar
spectrum,espectro,spectre,spectre,espectro
spell,xxx,épeler,spectre,xxx
spend,xxx,dépenser,spectre,xxx
sphere,esfera,sphère,esfè,esfera
spiral,espiral,spirale,espiral,espiral
spirit,espíritu,esprit,espiral,espírito
spite,xxx,xxx,espiral,despeito
splendid,espléndido,splendide,espiral,esplêndido
sport,deporte,sport,espiral,esporte
spread,xxx,xxx,espiral,espalhar
spring,xxx,printemps,espiral,xxx
square,xxx,xxx,espiral,quadrado
stable,estable,xxx,ki estab,estável
stage,xxx,xxx,ki estab,estágio
stair,escalera,xxx,ki estab,xxx
standard,estándar,standard,estanda,xxx
state,estado,État,eta,estado
station,estación,xxx,estasyon,xxx
statistic,estadística,statistique,statistik,estatística
statistics,estadística,statistiques,estatistik,estatísticas
statue,estatua,statue,estati,estátua
status,estado,statut,estati,status
stereotype,estereotipo,stéréotype,estereyotip,estereótipo
stock,xxx,xxx,stock,estoque
stocking,xxx,stockage,stock,xxx
stomach,estómago,estomac,lestomak,estômago
storm,tormenta,xxx,lestomak,xxx
story,historia,histoire,lestomak,história
straight,xxx,droit,lestomak,xxx
strange,xxx,étrange,etranj,estranho
strategy,estrategia,stratégie,estrateji,estratégia
stress,estrés,stresser,estrès,estresse
strict,estricto,strict,strik,estrito
structure,estructura,structure,estrikti,estrutura
student,xxx,étudiant,estrikti,estudante
studies,estudios,études,etid,estudos
study,estudiar,étude,etid,estudar
stupid,estúpido,stupide,estipid,estúpido
style,estilo,style,style,estilo
subject,sujeto,sujet,style,xxx
subjectivity,subjetividad,subjectivité,subjectivite,subjetividade
submit,xxx,soumettre,soumèt,xxx
subordinate,subordinar,subalterne,sibòdone,subordinar
subsequent,xxx,xxx,sibòdone,subsequente
subsidy,subvención,subvention,sibòdone,xxx
substance,sustancia,substance,sibstans,substância
substitute,sustituto,suppléer,sibstans,substituir
substitution,sustitución,substitution,sibstitisyon,substituição
success,xxx,succès,sibstitisyon,sucesso
successor,sucesor,successeur,siksesè,sucessor
sudden,xxx,soudain,toudenkou,xxx
suffer,sufrir,souffrir,toudenkou,sofrer
sufficient,suficiente,suffisant,toudenkou,suficiente
suffix,sufijo,suffixe,sifiks,sufixo
sugar,azúcar,xxx,sifiks,açúcar
suggest,xxx,suggérer,sifiks,xxx
suggestion,sugerencia,suggestion,sijesyon,sugestão
sum,suma,somme,sòm,soma
superstition,superstición,superstition,sipèstisyon,superstição
supper,xxx,souper,soupe,xxx
supplement,suplemento,supplément,sipleman,suplemento
support,xxx,xxx,sipò,xxx
suppose,suponer,supposer,sipoze,xxx
surface,superficie,surface,sifas,superfície
surprise,sorpresa,surprendre,sipriz,surpresa
survive,sobrevivir,survivre,siviv,sobreviver
suspect,sospechar,suspect,sispèk,suspeito
suspend,suspender,suspendre,sispann,suspender
suspicion,suspicion,soupçon,sispèk,suspeita
suspicious,sospechoso,suspect,sispèk,suspeito
sustain,sostener,soutenir,soutni,sustentar
syllabe,sílaba,syllabe,silab,sílaba
symbol,símbolo,symbole,senbòl,símbolo
sympathetic,simpático,sympathique,senpatik,simpático
sympathy,xxx,sympathie,senpati,simpatia
synonym,sinónimo,synonyme,sinonim,sinônimo
syntax,sintaxis,syntaxe,sentaks,sintaxe
synthesis,síntesis,synthèse,sentèz,síntese
system,sistema,système,sistèm,sistema
table,xxx,tableau,sistèm,xxx
tailor,xxx,tailleurs,sistèm,xxx
tangent,tangente,tangente,tanjant,tangente
tariff,xxx,tarif,tarif yo,tarifa
taxi,taxi,taxi,taksi,táxi
technical,técnico,technique,teknik,técnico
technician,técnico,technicien,teknisyen,técnico
technique,técnica,technique,teknik,técnica
technology,tecnología,technologie,teknoloji,tecnologia
telegram,telegrama,télégramme,telegram,telegrama
telegraph,telégrafo,télégraphe,telegraf,telégrafo
telephone,teléfono,téléphone,telefòn,telefone
telescope,telescopio,télescope,teleskòp,telescópio
television,televisión,télévision,televizyon,televisão
temperature,temperatura,température,tanperati,temperatura
temple,templo,temple,tanperati,templo
temporary,temporario,temporaire,tanporè,temporário
tender,xxx,tendre,tanporè,xxx
tense,tenso,tendu,tansyon,tenso
tension,tensión,tension,tansyon,tensão
terminate,terminar,terminer,termine,terminar
terrible,terible,terrible,terib,terrível
testimony,testimonio,témoignage,temwayaj,testemunho
testosterone,testosterona,testostérone,testostewòn,testosterona
tetanus,tétanos,tétanos,tetanòs,tétano
text,texto,texte,tèks,texto
theatre,teatro,théâtre,teyat,teatro
theatrical,teatral,théâtral,teyat,teatral
theme,tema,thème,tèm,tema
theory,teoría,théorie,teyori,teoria
therapy,terapia,thérapie,terapi,terapia
thesis,tesis,thèse,tèz,tese
throat,garganta,xxx,tèz,garganta
ticket,xxx,billet,tèz,bilhete
tiger,tigre,tigre,tig,tigre
timid,tímido,timide,timid,tímido
title,título,titre,timid,título
tobacco,tabaco,tabac,tabak,tabaco
tomato,tomate,tomate,tomat,tomate
tongue,lengua,langue,tomat,língua
topaz,topacio,topaze,topaz,topázio
topic,xxx,xxx,topaz,tópico
total,total,total,total,total
totally,totalmente,totalement,totalman,totalmente
touch,xxx,touche,totalman,xxx
tourist,turístico,touristique,touris,turista
towel,toalla,xxx,touris,xxx
trace,xxx,tracer,tras,traço
tradition,tradición,tradition,tradisyon,tradição
traffic,tráfico,trafic,trafik,tráfego
train,tren,former,tren,trem
transcription,transcripción,transcription,transkripsyon,transcrição
transfer,transferir,transfert,transfere,transferir
transform,transformar,transformer,transfòme,transformar
transformation,transformación,transformation,transfòmasyon,transformação
transfusion,transfusión,transfusion,transfizyon,transfusão
transit,tránsito,transit,transpò piblik,trânsito
transition,transición,transition,tranzisyon,transição
translate,xxx,traduire,tradwi,xxx
translation,traducción,traduction,tradiksyon,tradução
translator,traductor,xxx,tradiktè,tradutor
transmission,transmisión,transmission,transmisyon,transmissão
transmit,transmitir,transmettre,transmèt,transmitir
transparency,transparencia,transparence,transparans,transparência
transport,transporte,transport,transpò,transporte
trap,xxx,attraper,trape,xxx
treasure,tesoro,trésor,trezò,tesouro
treasury,xxx,xxx,trezò,xxx
treat,tratar,traiter,trete,tratar
tremble,temblar,trembler,tranble,tremer
triangle,triángulo,triangle,triyang,triângulo
tribe,tribu,tribu,triyang,tribo
trick,truco,xxx,triyang,xxx
triple,triple,tripler,trip,triplo
triumphant,triunfante,triomphant,triyonfan,triunfante
trouble,problema,xxx,triyonfan,xxx
trumpet,trompeta,trompette,twonpèt,trombeta
trunk,xxx,tronc,twonpèt,xxx
tube,tubo,tube,tib,tubo
ultimate,último,ultime,ultim,xxx
uncle,xxx,oncle,ultim,xxx
uniform,uniforme,uniforme,inifòm,uniforme
unify,unificar,unifier,inifye,unificar
union,unión,union,inifye,união
unique,único,unique,inik,xxx
unity,unidad,unité,inite,unidade
universal,universal,universel,inivèsèl,universal
universe,universo,univers,inivèsèl,universo
university,universidad,université,inivèsite,universidade
upper,superior,xxx,inivèsite,superior
urgency,urgencia,urgence,ijans,urgência
urgent,urgente,urgent,ijans,urgente
usual,habitual,usuel-le,ijans,habitual
utilise,utilizar,utiliser,itilize,utilizar
utilize,utilizar,utiliser,itilize,utilizar
valid,válido,valide,valab,válido
valley,valle,vallée,valab,xxx
valuable,xxx,xxx,valab,xxx
value,valor,valeur,valè,valor
variant,variante,variante,variant,variante
variation,variación,variation,varyasyon,variação
variety,variedad,variété,varyete,variedade
various,varios,xxx,varyete,vários
vary,variar,varier,varye,variar
vegetables,verduras,xxx,varye,vegetais
vegetal,vegetal,xxx,varye,vegetal
vegetarian,vegetariano,végétarien,vejetaryen,vegetariano
vehicle,vehículo,véhicule,vejetaryen,veículo
vengeance,venganza,vengeance,vejetaryen,vingança
venomous,venenoso,venimeux,vejetaryen,venenoso
verb,verbo,verbe,vèb,verbo
verbal,verbal,verbal,vèbal,verbal
verdict,veredicto,verdict,vèdik,veredicto
verify,verificar,vérifier,verifye,verificar
verse,versículo,verset,vèsè,verso
version,versión,version,vèsyon,versão
via,xxx,via,via,xxx
vibration,vibración,vibration,vibrasyon,vibração
victory,victoria,victoire,viktwa,vitória
village,xxx,village,vilaj,xxx
violate,violar,violer,vyole,violar
violence,violencia,violence,vyolans,violência
violent,violento,violent,vyolan,violento
virtual,virtual,virtuel,vityèl,virtual
virtue,virtud,vertu,vityèl,virtude
virus,virus,virus,viris,vírus
visible,visible,visible,vizib,visível
vision,visión,vision,vizyon,visão
visit,visita,visite,vizite,visita
visitor,visitante,visiteur,vizitè,visitante
visual,visual,visuel,vizyèl,visual
vocabulary,vocabulario,vocabulaire,vokabilè,vocabulário
volleyball,voleibol,volley-ball,volebòl,voleibol
voltage,voltaje,xxx,vòltaj,xxx
volume,volumen,volume,volim,volume
voluntary,voluntario,volontaire,volontè,voluntário
vote,votar,voter,vote,voto
vowel,vocal,voyelle,vwayèl,vogal
voyage,viaje,voyage,vwayèl,viagem
watchman,xxx,xxx,wachmann,xxx
weekend,xxx,xxx,wikenn,xxx
west,Oeste,Ouest,lwès,oeste
whiskey,whisky,whisky,wiski,uísque
whistle,xxx,xxx,sifle,xxx
winter,invierno,hiver,sifle,inverno
write,xxx,écrire,sifle,xxx
zinc,zinc,zinc,zenk,zinco
zombie,zombi,zombi,zonbi,zumbi
zoo,zoológico,xxx,zou,zoológico
zoology,zoología,zoologie,zooloji,zoologia
