gsl_word,gsl_head
been,be
is,be
are,be
was,be
were,be
am,be
an,a
him,he
his,he
has,have
had,have
me,I
my,I
her,she
hers,she
us,we
our,we
ours,we
your,you
yours,you
yourself,you
does,do
did,do
done,do
willing,will
willingly,will
unwilling,will
says,say
said,say
saying,say
makes,make
made,make
making,make
maker,make
men,man
manhood,man
others,other
times,time
timely,time
goes,go
gone,go
states,state
stated,state
stating,state
statement,state
newly,new
years,year
yearly,year
takes,take
took,take
taken,take
taking,take
comes,come
came,come
coming,come
knows,know
knew,know
knowing,know
sees,see
seen,see
seeing,see
uses,use
used,use
using,use
useful,use
usefulness,use
useless,use
user,use
gets,get
got,get
likes,like
liked,like
liking,like
unlike,like
works,work
worked,work
working,work
workings,work
worker,work
workman,work
workshop,work
workmanship,work
gives,give
given,give
gave,give
giving,give
thinks,think
thought,think
thinking,think
thinker,think
mostly,most
finds,find
found,find
finding,find
days,day
ways,way
wayside,way
looks,look
looked,look
looking,look
greatcoat,great
greatly,great
greatness,great
backbone,back
background,back
throughout,through
owns,own
owned,own
owning,own
owner,own
justly,just
unjust,just
unjustly,just
feels,feel
felt,feel
feeling,feel
seems,seem
seemed,seem
seeming,seem
places,place
placed,place
placing,place
worldwide,world
worldly,world
worldliness,world
stillness,still
nations,nation
national,nation
hands,hand
handy,hand
older,old
oldest,old
lives,life
tells,tell
told,tell
telling,tell
writes,write
wrote,write
writing,write
becomes,become
became,become
becoming,become
shows,show
shown,show
showing,show
showy,show
houses,house
household,house
householder,house
housewife,house
needs,need
needed,need
needing,need
needless,need
needy,need
meant,mean
meaning,mean
means,mean
calls,call
called,call
calling,call
develops,develop
developed,develop
developing,develop
development,develop
rightly,right
moves,move
movement,move
things,thing
generally,general
schools,school
begins,begin
began,begin
begun,begin
beginning,begin
beginnings,begin
whilst,while
numbers,number
parts,part
partly,part
partial,part
partially,part
turns,turn
turning,turn
really,real
reality,real
leaves,leave
leaving,leave
wants,want
wanted,want
wanting,want
points,point
pointed,point
pointer,point
forms,form
formed,form
forming,form
children,child
childish,child
childlike,child
smallness,small
asks,ask
asked,ask
asking,ask
later,late
homes,home
homely,home
interesting,interest
largely,large
personal,person
personally,person
ending,end
endless,end
opens,open
opened,open
opening,open
openly,open
publicly,public
follows,follow
followed,follow
following,follow
presents,present
presented,present
presenting,present
holds,hold
held,hold
holding,hold
holder,hold
governs,govern
governed,govern
governing,govern
government,govern
governments,govern
possibly,possible
possibility,possible
heads,head
headed,head
heading,head
considers,consider
considered,consider
considering,consider
words,word
programmes,programme
problems,problem
leads,lead
led,lead
leading,lead
leader,lead
leaders,lead
systems,system
systematic,system
systematically,system
sets,set
setting,set
orders,order
orderly,order
eyes,eye
eyeing,eye
eyed,eye
plans,plan
planned,plan
planning,plan
runs,run
ran,run
running,run
runner,run
keeps,keep
kept,keep
keeping,keep
keeper,keep
faces,face
facts,fact
groups,group
plays,play
played,play
playing,play
player,play
playground,play
plaything,play
stands,stand
standing,stand
stood,stand
increases,increase
increased,increase
increasing,increase
earliness,early
changes,change
changed,change
changing,change
helps,help
helped,help
helper,help
helpful,help
helpless,help
lines,line
cities,city
puts,put
putting,put
closes,close
closing,close
closed,close
cases,case
forces,force
forcing,force
forced,force
meets,meet
met,meet
meeting,meet
watercourse,water
waterfall,water
waterpipe,water
waterproof,water
waterway,water
waterworks,water
watery,water
wars,war
builds,build
built,build
building,build
hears,hear
hearing,hear
heard,hear
hearer,hear
lights,light
lighter,light
lightly,light
lightness,light
unites,unite
united,unite
uniting,unite
lived,live
living,live
countries,country
brings,bring
bringing,bring
brought,bring
centres,centre
center,centre
sides,side
sideways,side
tries,try
tried,try
trying,try
provides,provide
provided,provide
providing,provide
continues,continue
continued,continue
continuing,continue
continuous,continue
continuously,continue
names,name
nameless,name
namely,name
certainly,certain
powerful,power
pays,pay
paying,pay
paid,pay
unpaid,pay
payment,pay
results,result
questions,question
studies,study
studying,study
studied,study
women,woman
members,member
faraway,far
farther,far
farthest,far
nights,night
goodnight,night
services,service
servicing,service
serviced,service
reports,report
reported,report
reporting,report
reporter,report
companies,company
weeks,week
weekly,week
towards,toward
starts,start
started,start
starting,start
socially,social
rooms,room
figures,figure
natural,nature
naturally,nature
youngster,young
reads,read
reading,read
reader,read
includes,include
included,include
including,include
presidents,president
boys,boy
costs,cost
businesses,business
values,value
valueless,value
seconds,second
secondhand,second
secondly,second
clears,clear
cleared,clear
clearing,clear
clearly,clear
clearness,clear
expects,expect
expected,expect
expecting,expect
expectation,expect
families,family
completes,complete
completed,complete
completing,complete
acts,act
acted,act
acting,act
activity,act
activities,act
senses,sense
senseless,sense
insensible,sense
sensation,sense
sensible,sense
sensibly,sense
minds,mind
minded,mind
minding,mind
experiences,experience
experienced,experience
artist,art
artists,art
artistic,art
nearly,near
directs,direct
directed,direct
directing,direct
directly,direct
cars,car
laws,law
lawful,law
unlawful,law
lawfully,law
unlawfully,law
lawless,law
industries,industry
industrial,industry
girls,girl
gods,god
goddess,god
godfather,god
godmother,god
matters,matter
usually,usual
unkind,kind
kindly,kind
kindness,kind
reasons,reason
actions,action
returns,return
returned,return
returning,return
feet,foot
football,foot
foothold,foot
footpath,foot
footprint,foot
footstep,foot
footnote,foot
cares,care
cared,care
caring,care
careful,care
careless,care
simply,simple
loves,love
loved,love
lovable,love
lover,love
loving,love
lovingly,love
humans,human
appears,appear
appeared,appear
appearing,appear
doctors,doctor
believes,believe
believed,believe
believing,believe
speaks,speak
speaker,speak
actively,active
students,student
months,month
monthly,month
drives,drive
drove,drive
driven,drive
concerns,concern
concerned,concern
concerning,concern
doors,door
hopes,hope
hoped,hope
hopeful,hope
hopeless,hope
examples,example
informs,inform
informed,inform
informing,inform
information,inform
bodies,body
bodily,body
bodyguard,body
probably,probable
probability,probable
understands,understand
understood,understand
understanding,understand
reaches,reach
reached,reach
reaching,reach
effects,effect
differently,different
ideas,idea
wholly,whole
controls,control
controlled,control
controlling,control
conditions,condition
fields,field
passes,pass
passed,pass
passing,pass
falls,fall
fell,fall
fallen,fall
notes,note
noted,note
notepaper,note
specially,special
talked,talk
talking,talk
talks,talk
particularly,particular
measures,measure
measured,measure
measuring,measure
measurement,measure
measurements,measure
walks,walk
walked,walk
walking,walk
teaches,teach
taught,teach
teaching,teach
teachings,teach
teacher,teach
lower,low
lowland,low
hours,hour
hourly,hour
types,type
typed,type
typing,type
typewriter,type
typewrite,type
typist,type
carries,carry
carrying,carry
carried,carry
rates,rate
remains,remain
remained,remain
remaining,remain
streets,street
easily,easy
records,record
recorded,record
recording,record
sits,sit
sat,sit
sitting,sit
determines,determine
determining,determine
determined,determine
determination,determine
levels,level
locally,local
surely,sure
receives,receive
received,receive
receiving,receive
receiver,receive
moments,moment
spirits,spirit
trains,train
trained,train
training,train
colleges,college
religions,religion
religious,religion
musical,music
musicals,music
grows,grow
growing,grow
grown,grow
frees,free
freed,free
freeing,free
freely,free
causes,cause
caused,cause
causing,cause
serves,serve
served,serve
serving,serve
ages,age
books,book
boards,board
recently,recent
sounds,sound
offices,office
cuts,cut
cutting,cut
steps,step
truly,TRUE
positions,position
strongly,strong
friends,friend
necessarily,necessary
unnecessary,necessary
adds,add
adding,add
added,add
courts,court
courtyard,court
deals,deal
dealt,deal
dealer,deal
dealing,deal
dealings,deal
taxes,tax
taxed,tax
taxing,tax
supports,support
supporting,support
supported,support
parties,party
lands,land
landed,land
landing,land
materials,material
happens,happen
happened,happen
happening,happen
educational,education
deaths,death
deathbed,death
agrees,agree
agreed,agree
agreeing,agree
agreement,agree
arms,arm
armour,arm
unarmed,arm
mothers,mother
towns,town
views,view
societies,society
manages,manage
managed,manage
managing,manage
management,manage
manager,manage
answers,answer
answering,answer
answered,answer
breaks,break
broke,break
breaking,break
breakage,break
organises,organise
organising,organise
organised,organise
organisation,organise
organizes,organise
organized,organise
organizing,organise
organization,organise
halve,half
fires,fire
firing,fire
loses,lose
losing,lose
lost,lose
stops,stop
stopped,stop
stopping,stop
stoppage,stop
stopper,stop
actually,actual
waits,wait
waited,wait
waiting,wait
departments,department
politically,political
learns,learn
learned,learn
learning,learn
voices,voice
covers,cover
covered,cover
covering,cover
commonly,common
uncommon,common
commonsense,common
subjects,subject
draws,draw
shortly,short
shortness,short
wives,wife
treats,treat
treated,treat
treating,treat
limits,limit
limitation,limit
roads,road
roadside,road
letters,letter
colours,colour
colouring,colour
color,colour
colors,colour
coloring,colour
produces,produce
produced,produce
producing,produce
sends,send
sent,send
sending,send
terms,term
totals,total
totally,total
universities,university
rises,rise
rose,rise
risen,rise
rising,rise
centuries,century
successes,success
minutes,minute
remembers,remember
remembered,remember
remembering,remember
purposes,purpose
testing,test
tests,test
tested,test
fights,fight
fighter,fight
watches,watch
watched,watch
watching,watch
watchful,watch
watchfulness,watch
situations,situation
southeast,south
southeastern,south
southern,south
southward,south
southwest,south
southwestern,south
differences,difference
stages,stage
fathers,father
tables,table
rests,rest
rested,rest
resting,rest
bears,bear
bearing,bear
entirely,entire
markets,market
prepares,prepare
prepared,prepare
preparing,prepare
preparation,prepare
explains,explain
explained,explain
explaining,explain
explanation,explain
offers,offer
offering,offer
offered,offer
plants,plant
planter,plant
charges,charge
charged,charge
charging,charge
grounds,ground
groundwork,ground
pictures,picture
hardness,hard
lies,lie
lied,lie
lying,lie
modernise,modern
darkness,dark
surfaces,surface
ruled,rule
rules,rule
ruling,rule
regards,regard
regarded,regard
regarding,regard
regardless,regard
dances,dance
danced,dance
dancing,dance
peaceful,peace
observes,observe
observed,observe
observing,observe
walls,wall
farms,farm
claims,claim
claimed,claim
claiming,claim
firmly,firm
firmness,firm
operations,operation
pressures,pressure
pressured,pressure
pressuring,pressure
mornings,morning
pieces,piece
beautiful,beauty
beautifully,beauty
trades,trade
trading,trade
trader,trade
tradesman,trade
fears,fear
feared,fear
fearful,fear
fearless,fear
demands,demand
demanded,demand
demanding,demand
wonders,wonder
wondered,wonder
wondering,wonder
wonderful,wonder
wonderfully,wonder
lists,list
accepts,accept
accepted,accept
accepting,accept
judges,judge
judgment,judge
paints,paint
painted,paint
painter,paint
painters,paint
miles,mile
mileage,mile
milestone,mile
sooner,soon
responsibility,responsible
allows,allow
allowed,allow
allowing,allow
secretaries,secretary
hearts,heart
unions,union
slowly,slow
slowness,slow
islands,island
enters,enter
entered,enter
entering,enter
drinks,drink
drunk,drink
drank,drink
drinking,drink
stories,story
experiments,experiment
experimental,experiment
experimentally,experiment
stays,stay
stayed,stay
staying,stay
spaced,space
spacing,space
spaces,space
applies,apply
applied,apply
applying,apply
decides,decide
deciding,decide
decided,decide
decidedly,decide
shares,share
shared,share
sharing,share
desires,desire
desiring,desire
desired,desire
spends,spend
spent,spend
spending,spend
signs,sign
variously,various
visits,visit
visiting,visit
supplies,supply
supplying,supply
supplied,supply
officers,officer
doubts,doubt
doubted,doubt
doubting,doubt
doubtful,doubt
doubtless,doubt
immediately,immediate
wishes,wish
wished,wish
wishing,wish
contains,contain
contained,contain
containing,contain
container,contain
feeds,feed
fed,feed
feeding,feed
raises,raise
raised,raise
raising,raise
described,describe
describes,describe
describing,describe
horses,horse
horseback,horse
horseman,horse
horseshoe,horse
sons,son
exists,exist
existed,exist
existing,exist
northeast,north
northwest,north
northwards,north
suggests,suggest
suggested,suggest
suggesting,suggest
stations,station
effectively,effective
deeply,deep
characters,character
happily,happy
critics,critic
critical,critic
units,unit
products,product
respects,respect
respected,respect
respecting,respect
respectful,respect
drops,drop
dropped,drop
dropping,drop
fills,fill
filled,fill
filling,fill
coldly,cold
coldness,cold
represents,represent
represented,represent
representing,represent
suddenly,sudden
kills,kill
killed,kill
killing,kill
finely,fine
fineness,fine
troubles,trouble
troubled,trouble
troublesome,trouble
marks,mark
marked,mark
marking,mark
singly,single
heavily,heavy
attempts,attempt
original,origin
originality,origin
originally,origin
standards,standard
standardise,standard
committees,committee
immoral,moral
immorality,moral
morality,moral
morally,moral
badly,bad
badness,bad
earthly,earth
earthworm,earth
earthy,earth
merely,mere
dies,die
died,die
dying,die
remarks,remark
remarked,remark
remarking,remark
excepting,except
equally,equal
equality,equal
eventful,event
uneventful,event
employs,employ
employing,employ
employed,employ
unemployed,employ
employer,employ
employers,employ
employment,employ
defense,defence
smiles,smile
smiled,smile
smiling,smile
rivers,river
improves,improve
improved,improve
improving,improve
improvement,improve
improvements,improve
games,game
details,detail
detailed,detail
accounts,account
accounted,account
accounting,account
cents,cent
reduces,reduce
reduced,reduce
reducing,reduce
clubs,club
buys,buy
buying,buy
bought,buy
ships,ship
shipbuilding,ship
shipment,ship
shipper,ship
shipwreck,ship
decisions,decision
wears,wear
wore,wear
worn,wear
wins,win
won,win
winning,win
rides,ride
riding,ride
rode,ride
operates,operate
operated,operate
operating,operate
realises,realise
realised,realise
realising,realise
realisation,realise
realize,realise
realizes,realise
realized,realise
realizing,realise
realization,realise
sales,sale
chooses,choose
chose,choose
chosen,choose
choosing,choose
parks,park
votes,vote
voted,vote
voting,vote
voter,vote
prices,price
districts,district
foreigner,foreign
windows,window
directions,direction
strikes,strike
struck,strike
striking,strike
trials,trial
practise,practice
practises,practice
practised,practice
practising,practice
catches,catch
opportunities,opportunity
unlikely,likely
recognises,recognise
recognised,recognise
recognising,recognise
recognize,recognise
recognizing,recognise
recognized,recognise
permits,permit
permitted,permit
permitting,permit
seriously,serious
attacks,attack
floors,floor
associations,association
springs,spring
sprang,spring
sprung,spring
stocks,stock
lacks,lack
lacked,lack
lacking,lack
sciences,science
relations,relation
professions,profession
professional,profession
patterns,pattern
quickly,quick
quickness,quick
medicals,medical
medically,medical
influences,influence
influenced,influence
influencing,influence
occasions,occasion
occasional,occasion
occasionally,occasion
machines,machine
compares,compare
compared,compare
comparing,compare
unfair,fair
fairly,fair
unfairly,fair
especial,especially
imagines,imagine
imagined,imagine
imagining,imagine
imagination,imagine
surprises,surprise
surprising,surprise
surprisingly,surprise
officials,official
officially,official
sings,sing
sang,sing
sung,sing
singer,sing
singers,sing
hits,hit
trees,tree
races,race
policeman,police
touches,touch
touched,touch
touching,touch
relatives,relative
throws,throw
thrown,throw
threw,throw
throwing,throw
qualities,quality
formerly,former
pulls,pull
pulled,pull
pulling,pull
chances,chance
proves,prove
proved,prove
proving,prove
argues,argue
argued,argue
arguing,argue
argument,argue
arguments,argue
settled,settle
settles,settle
settling,settle
settlement,settle
settler,settle
growths,growth
dates,date
heating,heat
saves,save
saving,save
saved,save
performances,performance
counts,count
counting,count
counted,count
listened,listen
listens,listen
listening,listen
listener,listen
mainly,main
mainland,main
picked,pick
picks,pick
picking,pick
peck,pick
sizes,size
coolly,cool
coolness,cool
armies,army
patients,patient
patiently,patient
combines,combine
combining,combine
combined,combine
combination,combine
halls,hall
slightly,slight
commands,command
enjoys,enjoy
enjoyed,enjoy
enjoying,enjoy
enjoyable,enjoy
enjoyment,enjoy
properly,proper
improper,proper
improperly,proper
expresses,express
expressed,express
expressing,express
healthy,health
chiefly,chief
stores,store
stored,store
storing,store
languages,language
degrees,degree
lays,lay
laid,lay
currents,current
guns,gun
gunboat,gun
gunner,gun
gunpowder,gun
dogs,dog
hotels,hotel
strangely,strange
strangeness,strange
stranger,strange
separately,separate
boats,boat
fails,fail
failed,fail
failing,fail
cleanly,clean
cleanness,clean
dresses,dress
gains,gain
gained,gain
gaining,gain
pains,pain
painful,pain
painfully,pain
objects,object
objected,object
objecting,object
depends,depend
depended,depend
depending,depend
dependant,depend
relates,relate
related,relate
relating,relate
dollars,dollar
advanced,advance
shapes,shape
shaped,shape
shaping,shape
shapeless,shape
arranges,arrange
arranged,arrange
arranging,arrange
arrangement,arrange
arrangements,arrange
sells,sell
sold,sell
selling,sell
seller,sell
mentioned,mention
mentions,mention
mentioning,mention
dryly,dry
dryness,dry
checks,check
checked,check
checking,check
poets,poet
poetry,poet
poetic,poet
sleeps,sleep
slept,sleep
sleeping,sleep
sleepless,sleep
sleepiness,sleep
joins,join
joined,join
hotly,hot
beds,bed
bedding,bed
electricity,electric
dreams,dream
dreamy,dream
seasons,season
manners,manner
fits,fit
fitting,fit
fitness,fit
progresses,progress
progressed,progress
notices,notice
noticed,notice
noticing,notice
noticeable,notice
finishes,finish
finished,finish
finishing,finish
opinions,opinion
bills,bill
westerns,western
truthful,truth
truthfulness,truth
wrongly,wrong
travels,travel
travelled,travel
travelling,travel
suits,suit
suited,suit
banks,bank
exactly,exact
honourable,honour
dishonour,honour
dishonourable,honour
brothers,brother
quieten,quiet
quietly,quiet
quietness,quiet
marries,marry
marrying,marry
married,marry
corners,corner
handles,handle
dangerous,danger
hospitals,hospital
pools,pool
promised,promise
shot,shoot
shoots,shoot
shooting,shoot
scenes,scene
arrived,arrive
arrives,arrive
arriving,arrive
arrival,arrive
films,film
bases,base
based,base
basing,base
bars,bar
hangs,hang
hanged,hang
hung,hang
hanging,hang
suffers,suffer
suffering,suffer
sufferer,suffer
manufactures,manufacture
rocks,rock
rocked,rock
rocking,rock
losses,loss
burns,burn
burned,burn
burnt,burn
burning,burn
suns,sun
sunbeam,sun
sunburnt,sun
sunlight,sun
sunny,sun
sunrise,sun
sunset,sun
sunshine,sun
audiences,audience
essentially,essential
glasses,glass
glassy,glass
prevents,prevent
preventing,prevent
preventive,prevent
poems,poem
inches,inch
songs,song
skills,skill
skilled,skill
skilful,skill
skilfully,skill
postage,post
postal,post
postman,post
postmaster,post
popularly,popular
popularity,popular
radios,radio
animals,animal
consciousness,conscious
unconscious,conscious
unconsciously,conscious
unconsciousness,conscious
worthless,worth
worthwhile,worth
eats,eat
ate,eat
eaten,eat
eating,eat
elections,election
electorate,election
faiths,faith
faithful,faith
faithfully,faith
waves,wave
waved,wave
waving,wave
wavy,wave
models,model
forgets,forget
forgot,forget
forgetting,forget
forgotten,forget
forgetful,forget
forgetfulness,forget
extends,extend
extended,extend
extending,extend
distances,distance
memorial,memory
memorise,memory
recommends,recommend
recommended,recommend
recommending,recommend
recommendation,recommend
divisions,division
legs,leg
discussions,discussion
addresses,address
flies,fly
flew,fly
flying,fly
dependents,dependent
balls,ball
shakes,shake
shaken,shake
shaking,shake
frames,frame
extremes,extreme
extremely,extreme
engineers,engineer
engineering,engineer
thickly,thick
thickness,thick
comforting,comfort
comfortable,comfort
uncomfortable,comfort
camps,camp
camped,camp
camping,camp
oily,oil
discovers,discover
discovering,discover
discovered,discover
discoverer,discover
examines,examine
examined,examine
examining,examine
examination,examine
examinations,examine
difficulties,difficulty
teeth,tooth
choices,choice
referring,refer
referred,refer
refers,refer
enemies,enemy
practically,practical
marriages,marriage
bridges,bridge
declares,declare
declared,declare
declaring,declare
declaration,declare
ladies,lady
crosses,cross
crossing,cross
crossings,cross
afternoons,afternoon
attends,attend
attended,attend
attending,attend
directors,director
balances,balance
balancing,balance
balanced,balance
washes,wash
washed,wash
washing,wash
capitals,capital
blocks,block
citizens,citizen
mouths,mouth
mouthful,mouth
hills,hill
hillside,hill
hilly,hill
pleases,please
pleased,please
pleasing,please
motors,motor
agencies,agency
encourages,encourage
encouraged,encourage
encouraging,encourage
encouragement,encourage
governors,governor
worrying,worry
worries,worry
worried,worry
affairs,affair
shoulders,shoulder
samples,sample
prettily,pretty
prettiness,pretty
repeats,repeat
repeated,repeat
repeating,repeat
rolls,roll
rolled,roll
rolling,roll
roller,roll
pushed,push
pushing,push
pushes,push
trips,trip
councils,council
clothes,clothe
clothing,clothe
parents,parent
parental,parent
forwards,forward
sharply,sharp
gases,gas
weights,weight
discusses,discuss
discussed,discuss
discussing,discuss
fixes,fix
fixed,fix
fixing,fix
masters,master
mastered,master
mastering,master
masterful,master
masterly,master
masterpiece,master
mastery,master
roundabout,round
rapidly,rapid
rapidity,rapid
laughs,laugh
laughed,laugh
laughing,laugh
laughable,laugh
fingers,finger
spots,spot
spotted,spot
spotless,spot
proposes,propose
proposed,propose
proposing,propose
shops,shop
shopkeeper,shop
shopkeeping,shop
replaces,replace
replaced,replace
replacing,replace
irreplaceable,replace
replies,reply
replied,reply
replying,reply
extents,extent
locks,lock
locked,lock
locking,lock
unlock,lock
employees,employee
spreads,spread
spreading,spread
winds,wind
winding,wind
approves,approve
approved,approve
approving,approve
approval,approve
destroys,destroy
destroyed,destroy
destroying,destroy
pounds,pound
famous,fame
reflects,reflect
reflecting,reflect
reflected,reflect
advantages,advantage
matches,match
regularly,regular
regularity,regular
irregular,regular
irregularly,regular
irregularity,regular
wages,wage
refuses,refuse
refused,refuse
refusing,refuse
refusal,refuse
performs,perform
performed,perform
performing,perform
performer,perform
performers,perform
titles,title
tends,tend
tended,tend
tending,tend
tendency,tend
exercises,exercise
exercised,exercise
thinly,thin
thinness,thin
coats,coat
overcoat,coat
mountains,mountain
mount,mountain
mountainous,mountain
youths,youth
youthful,youth
newspapers,newspaper
secrets,secret
seas,sea
seaman,sea
seaport,sea
softness,soft
softly,soft
reasonableness,reasonable
reasonably,reasonable
circles,circle
solidly,solid
pages,page
weapons,weapon
representatives,representative
searches,search
searched,search
searching,search
purely,pure
purity,pure
impure,pure
impurity,pure
escapes,escape
escaped,escape
escaping,escape
crowds,crowd
sticks,stick
sticky,stick
telephones,telephone
avoids,avoid
avoided,avoid
avoiding,avoid
unavoidable,avoid
unavoidably,avoid
gardens,garden
gardener,garden
favor,favour
favourable,favour
favourably,favour
dinners,dinner
signals,signal
yards,yard
warmly,warm
misses,miss
missed,miss
missing,miss
soldiers,soldier
articles,article
cries,cry
cried,cry
crying,cry
captains,captain
seats,seat
guests,guest
weakness,weak
excites,excite
excited,excite
exciting,excite
excitement,excite
kings,king
wines,wine
holes,hole
beats,beat
beating,beat
perfectly,perfect
imperfect,perfect
imperfectly,perfect
bottoms,bottom
composes,compose
composed,compose
composing,compose
composer,compose
battles,battle
expenses,expense
flows,flow
flowing,flow
flowed,flow
kitchens,kitchen
duster,dust
dusty,dust
bottles,bottle
admits,admit
admitted,admit
admitting,admit
tears,tear
tore,tear
torn,tear
tearing,tear
tires,tire
tiring,tire
tired,tire
expressions,expression
exceptions,exception
applications,application
belongs,belong
belonged,belong
belonging,belong
riches,rich
failures,failure
struggles,struggle
instruments,instrument
instrumental,instrument
narrowly,narrow
theatres,theatre
theater,theatre
theaters,theatre
collections,collection
rains,rain
rained,rain
raining,rain
rainy,rain
reviews,review
reviewed,review
reviewing,review
preserves,preserve
preserved,preserve
preserving,preserve
preservation,preserve
daughters,daughter
fellows,fellow
swings,swing
swung,swing
swinging,swing
thanks,thank
thankful,thank
libraries,library
fatness,fat
fatty,fat
reserves,reserve
reserved,reserve
reserving,reserve
tours,tour
tourist,tour
nicely,nice
warns,warn
warned,warn
warning,warn
ringed,ring
bitterness,bitter
chairs,chair
scientifically,scientific
flowers,flower
wheels,wheel
solutions,solution
aims,aim
aimed,aim
aiming,aim
aimless,aim
gathers,gather
gathered,gather
gathering,gather
invited,invite
invites,invite
inviting,invite
invitation,invite
forests,forest
winters,winter
wintry,winter
boxes,box
beliefs,belief
ordinarily,ordinary
impossibility,impossible
prints,print
printed,print
printing,print
printer,print
gray,grey
tastes,taste
tasted,taste
tasting,taste
tasteless,taste
lips,lip
speeches,speech
references,reference
referenced,reference
referencing,reference
stains,stain
connections,connection
connexion,connection
connexions,connection
stretches,stretch
stretched,stretch
stretching,stretch
knives,knife
villages,village
blows,blow
blowing,blow
blew,blow
mistakes,mistake
unmistakably,mistake
sweetly,sweet
shouts,shout
shouted,shout
shouting,shout
divides,divide
divided,divide
dividing,divide
guards,guard
worsen,worse
exchanges,exchange
exchanged,exchange
exchanging,exchange
rarely,rare
requests,request
appoints,appoint
appointing,appoint
appointed,appoint
appointment,appoint
appointments,appoint
agents,agent
birds,bird
wildly,wild
guesses,guess
guessing,guess
guessed,guess
neighbours,neighbour
neighbouring,neighbour
seeds,seed
fashionable,fashion
loans,loan
corrects,correct
corrected,correct
correcting,correct
correctly,correct
incorrect,correct
plainly,plain
retires,retire
retired,retire
retiring,retire
retirement,retire
opposites,opposite
prefers,prefer
preferred,prefer
preferring,prefer
preferable,prefer
preferably,prefer
woods,wood
wooded,wood
babies,baby
advises,advise
advised,advise
advising,advise
contented,content
sports,sport
sporting,sport
sportsman,sport
lifts,lift
curiously,curious
curiosity,curious
ties,tie
tied,tie
tying,tie
messages,message
necks,neck
necklace,neck
necktie,neck
hates,hate
hated,hate
hating,hate
hateful,hate
dirty,dirt
delightful,delight
delightfully,delight
trusts,trust
trusted,trust
trusting,trust
entrust,trust
trustee,trust
valleys,valley
tools,tool
cooks,cook
cooked,cook
cooking,cook
cookery,cook
railroads,railroad
ministers,minister
brushes,brush
collects,collect
collected,collect
collecting,collect
guides,guide
unlucky,luck
unluckily,luck
lords,lord
prisons,prison
prisoner,prison
imprison,prison
clouds,cloud
cloudy,cloud
slaves,slave
chairperson,chairman
chairwoman,chairman
distinguishes,distinguish
distinguishing,distinguish
distinguished,distinguish
introduces,introduce
introduced,introduce
introducing,introduce
urges,urge
urged,urge
urging,urge
blinds,blind
blinded,blind
blinding,blind
arises,arise
arose,arise
arising,arise
curves,curve
curving,curve
curved,curve
keys,key
entertains,entertain
entertained,entertain
entertaining,entertain
entertainment,entertain
souls,soul
neighbourhoods,neighbourhood
pairs,pair
stones,stone
leans,lean
leaned,lean
leant,lean
leaning,lean
protects,protect
protected,protect
protecting,protect
advertises,advertise
advertised,advertise
advertising,advertise
advertisement,advertise
mysterious,mystery
welcomes,welcome
welcomed,welcome
welcoming,welcome
knees,knee
jumps,jump
jumped,jump
jumping,jump
snakes,snake
streams,stream
avenues,avenue
diseases,disease
diseased,disease
hats,hat
excellently,excellent
formally,formal
formality,formal
snowy,snow
sheets,sheet
skies,sky
roughly,rough
roughness,rough
smoothly,smooth
smoothness,smooth
steadily,steady
threatens,threaten
threatening,threaten
threatened,threaten
opposes,oppose
opposed,oppose
opposing,oppose
delivers,deliver
delivering,deliver
delivered,deliver
prays,pray
prayed,pray
praying,pray
prayer,pray
adopts,adopt
adopted,adopt
adopting,adopt
appearances,appearance
busily,busy
hurries,hurry
hurried,hurry
hurrying,hurry
coasts,coast
smells,smell
smelled,smell
smelling,smell
furnishes,furnish
furnished,furnish
furnishing,furnish
females,female
hides,hide
hid,hide
hiding,hide
wireless,wire
proposals,proposal
victories,victory
victorious,victory
quarters,quarter
engines,engine
wastes,waste
wasted,waste
wasting,waste
wasteful,waste
wastefulness,waste
fools,fool
foolish,fool
foolishness,fool
intends,intend
intended,intend
intending,intend
intentional,intention
intentionally,intention
intentions,intention
desks,desk
passages,passage
lawyers,lawyer
roots,root
climbed,climb
climbs,climb
climbing,climb
metals,metal
gradually,gradual
hunts,hunt
hunting,hunt
hunted,hunt
hunter,hunt
hunters,hunt
satisfies,satisfy
satisfied,satisfy
satisfying,satisfy
roofs,roof
branches,branch
displeasure,pleasure
witnesses,witness
loosely,loose
noses,nose
mines,mine
miner,mine
bands,band
risks,risk
risked,risk
risking,risk
risky,risk
reminds,remind
reminding,remind
reminded,remind
ears,ear
fisherman,fish
shores,shore
operators,operator
civilization,civilize
silently,silent
screens,screen
screened,screen
screening,screen
binds,bind
binding,bind
earns,earn
earned,earn
earning,earn
earnings,earn
packs,pack
packed,pack
packing,pack
packet,pack
colonies,colony
colonist,colony
colonise,colony
colonised,colony
colonial,colony
slips,slip
slipped,slip
slipping,slip
cousins,cousin
scales,scale
explores,explore
explored,explore
exploring,explore
stems,stem
brains,brain
musicians,musician
defends,defend
defended,defend
defending,defend
bends,bend
bending,bend
bent,bend
shadows,shadow
shadowy,shadow
mixes,mix
mixed,mix
mixing,mix
smokes,smoke
smoked,smoke
smoker,smoke
smoky,smoke
descriptions,description
guilty,guilt
guiltless,guilt
yields,yield
yielding,yield
paleness,pale
sweeps,sweep
swept,sweep
sweeping,sweep
completions,completion
throats,throat
agricultural,agriculture
admires,admire
admiring,admire
admired,admire
admiration,admire
gentleness,gentle
gently,gentle
particles,particle
unpleasant,pleasant
bays,bay
cups,cup
competitions,competition
moons,moon
terribly,terrible
mechanics,mechanic
mechanical,mechanic
mechanically,mechanic
shocks,shock
shocked,shock
shocking,shock
conversational,conversation
angles,angle
plentiful,plenty
stars,star
yellowness,yellow
sickness,sick
thoroughly,thorough
absolutely,absolute
succeeds,succeed
succeeded,succeed
succeeding,succeed
successful,succeed
successfully,succeed
surrounds,surround
surrounded,surround
surrounding,surround
surroundings,surround
proudly,proud
dearly,dear
cards,card
lakes,lake
shoes,shoe
shoed,shoe
chains,chain
slides,slide
slid,slide
sliding,slide
copies,copy
copying,copy
copied,copy
wakes,wake
woke,wake
waking,wake
pockets,pocket
bones,bone
honestly,honest
freezes,freeze
froze,freeze
freezing,freeze
dictionaries,dictionary
calmly,calm
calmness,calm
swims,swim
swam,swim
swum,swim
swimming,swim
icy,ice
males,male
skins,skin
cracks,crack
cracking,crack
cracked,crack
rushes,rush
rushed,rush
rushing,rush
joints,joint
jointly,joint
gifts,gift
hosts,host
hostess,host
suspects,suspect
suspected,suspect
suspecting,suspect
paths,path
uncles,uncle
affords,afford
affording,afford
afforded,afford
instantly,instant
tracks,track
tracked,track
tracking,track
grassy,grass
suggestions,suggestion
favourites,favourite
entrances,entrance
marches,march
marching,march
marched,march
sinks,sink
northerly,northern
illness,ill
bags,bag
disturbs,disturb
disturbed,disturb
disturbing,disturb
disturbance,disturb
natives,native
bedrooms,bedroom
violently,violent
pauses,pause
substances,substance
threats,threat
charms,charm
charmed,charm
charming,charm
factories,factory
meals,meal
universals,universal
accidents,accident
accidental,accident
accidentally,accident
highways,highway
sentences,sentence
wisely,wise
noises,noise
noisy,noise
discoveries,discovery
tubes,tube
flashes,flash
flashed,flash
flashing,flash
twists,twist
twisted,twist
twisting,twist
fences,fence
joyful,joy
sisters,sister
sadly,sad
sadness,sad
disappears,disappear
disappeared,disappear
disappearing,disappear
defeats,defeat
defeated,defeat
defeating,defeat
extensively,extensive
rents,rent
renting,rent
rented,rent
comparisons,comparison
possesses,possess
possessed,possess
possessing,possess
graceful,grace
scientists,scientist
eases,ease
easing,ease
eased,ease
milky,milk
sympathise,sympathy
sympathises,sympathy
ranks,rank
restaurants,restaurant
frequencies,frequency
shades,shade
shady,shade
accuses,accuse
accused,accuse
accusing,accuse
necessities,necessity
knocks,knock
knocked,knock
knocking,knock
loudly,loud
permanently,permanent
impermanent,permanent
rows,row
rowed,row
rowing,row
confuses,confuse
confused,confuse
confusing,confuse
frightens,frighten
frightened,frighten
frightening,frighten
solves,solve
solved,solve
solving,solve
graves,grave
gravestone,grave
salaries,salary
salaried,salary
photographic,photograph
wounds,wound
wounding,wound
wounded,wound
virtuous,virtue
daring,dare
queens,queen
attracts,attract
attracted,attract
attracting,attract
gates,gate
gateway,gate
shuts,shut
shutting,shut
chickens,chicken
forgives,forgive
forgave,forgive
forgiveness,forgive
holiness,holy
promptly,prompt
promptness,prompt
crimes,crime
sorrowful,sorry
sorrowfully,sorry
republics,republic
visitors,visitor
piles,pile
wings,wing
stairs,stair
staircase,stair
partners,partner
delays,delay
delayed,delay
delaying,delay
gentlemen,gentleman
pours,pour
poured,pour
pouring,pour
damaged,damage
kicks,kick
kicked,kick
kicking,kick
bursts,burst
networks,network
networked,network
networking,network
screws,screw
screwed,screw
screwing,screw
hires,hire
hired,hire
hiring,hire
verbs,verb
preaches,preach
preached,preach
preaching,preach
preacher,preach
clerks,clerk
fans,fan
connects,connect
connecting,connect
connected,connect
eggs,egg
efficiently,efficient
grains,grain
calculates,calculate
calculated,calculate
calculating,calculate
drags,drag
dragged,drag
dragging,drag
worships,worship
worshipped,worship
worshipping,worship
arrested,arrest
arrests,arrest
arresting,arrest
disciplines,discipline
strings,string
harbours,harbour
harbor,harbour
harbors,harbour
cameras,camera
mechanisms,mechanism
cows,cow
reductions,reduction
strictly,strict
lessons,lesson
tightly,tight
sandbank,sand
sandhill,sand
sandy,sand
plates,plate
qualifies,qualify
qualified,qualify
qualifying,qualify
madly,mad
madman,mad
madmen,mad
madness,mad
pupils,pupil
folds,fold
folded,fold
folding,fold
royals,royal
valuables,valuable
whispers,whisper
whispering,whisper
whispered,whisper
hurts,hurt
hurting,hurt
quantities,quantity
muddy,mud
extensions,extension
kisses,kiss
kissed,kiss
kissing,kiss
crops,crop
sails,sail
sailed,sail
sailing,sail
habits,habit
relieves,relieve
relieved,relieve
relieving,relieve
persuades,persuade
persuaded,persuade
persuading,persuade
uncertainty,certainty
cloths,cloth
eagerly,eager
deserves,deserve
deserved,deserve
deserving,deserve
sympathetically,sympathetic
cures,cure
cured,cure
curing,cure
traps,trap
trapped,trap
trapping,trap
trapper,trap
puzzles,puzzle
puzzled,puzzle
puzzling,puzzle
powdery,powder
rawness,raw
gladly,glad
blames,blame
blamed,blame
blaming,blame
buses,bus
trembles,tremble
fortunately,fortunate
glorious,glory
gloriously,glory
neatly,neat
neatness,neat
weekends,weekend
overcomes,overcome
overcame,overcome
overcoming,overcome
cats,cat
sacrifices,sacrifice
complains,complain
complained,complain
complaining,complain
elects,elect
elected,elect
electing,elect
roars,roar
roared,roar
roaring,roar
temples,temple
competes,compete
competed,compete
competing,compete
nurses,nurse
stomachs,stomach
peculiarly,peculiar
repairs,repair
repaired,repair
repairing,repair
storms,storm
stormy,storm
deserts,desert
deserted,desert
servants,servant
hungry,hunger
crashes,crash
crashed,crash
crashing,crash
tips,tip
tipped,tip
tipping,tip
strengthens,strengthen
strengthened,strengthen
strengthening,strengthen
proofs,proof
generosity,generous
generously,generous
whips,whip
tongues,tongue
mills,mill
miller,mill
merchants,merchant
ruins,ruin
introductions,introduction
courageous,courage
actors,actor
belts,belt
stirs,stir
stirred,stir
stirring,stir
punishes,punish
punished,punish
punishing,punish
punishment,punish
reflections,reflection
breathing,breathe
amuses,amuse
amused,amuse
amusing,amuse
amusement,amuse
dullness,dull
nets,net
fellowships,fellowship
faultless,fault
faulty,fault
beams,beam
pencils,pencil
borders,border
disappoints,disappoint
disappointed,disappoint
disappointing,disappoint
disappointment,disappoint
flames,flame
flaming,flame
jokes,joke
blesses,bless
blessing,bless
blessed,bless
shells,shell
tempts,tempt
tempter,tempt
temptation,tempt
suppers,supper
dives,dive
diving,dive
diver,dive
shines,shine
shone,shine
shining,shine
cheaply,cheap
dishes,dish
distantly,distant
greeting,greet
floods,flood
excuses,excuse
insects,insect
oceans,ocean
ceremonies,ceremony
ceremonial,ceremony
ceremonious,ceremony
decreases,decrease
decreased,decrease
decreasing,decrease
prizes,prize
harmful,harm
harmless,harm
insures,insure
insured,insure
insuring,insure
verses,verse
pots,pot
sincerely,sincere
leafless,leaf
leafy,leaf
rubs,rub
rubbed,rub
rubbing,rub
medicines,medicine
strokes,stroke
bites,bite
lungs,lung
loneliness,lonely
admissions,admission
stupidity,stupid
stupidly,stupid
scratches,scratch
scratched,scratch
scratching,scratch
compositions,composition
drums,drum
resists,resist
resisting,resist
resisted,resist
neglects,neglect
neglected,neglect
passengers,passenger
adventures,adventure
begs,beg
begging,beg
begged,beg
beggar,beg
pipes,pipe
beards,beard
boldly,bold
devils,devil
cheerful,cheer
cheerfully,cheer
nuts,nut
splits,split
splitting,split
melts,melt
melted,melt
melting,melt
swears,swear
swearing,swear
swore,swear
sworn,swear
buries,bury
buried,bury
burying,bury
burial,bury
wipes,wipe
wiped,wipe
wiping,wipe
faints,faint
fainted,faint
fainting,faint
faintly,faint
faintness,faint
creatures,creature
tails,tail
wealthy,wealth
translates,translate
translated,translate
translating,translate
suspicions,suspicion
nobleman,noble
nobleness,noble
nobly,noble
inquiries,inquiry
journeys,journey
hesitates,hesitate
hesitated,hesitate
hesitating,hesitate
extraordinarily,extraordinary
borrows,borrow
borrowed,borrow
borrowing,borrow
owes,owe
owed,owe
owing,owe
funerals,funeral
ambitions,ambition
mixtures,mixture
slopes,slope
sloped,slope
sloping,slope
criminals,criminal
maps,map
spins,spin
spinning,spin
spun,spin
praises,praise
praised,praise
praising,praise
ploughed,plough
ploughs,plough
ploughing,plough
plows,plough
plowed,plough
plowing,plough
barrels,barrel
straightens,straighten
straightening,straighten
straightened,straighten
scarcity,scarce
scarcely,scarce
lunches,lunch
creeps,creep
gaily,gay
stiffly,stiff
stiffness,stiff
bravely,brave
seizes,seize
seized,seize
seizing,seize
horizons,horizon
moderately,moderate
complicates,complicate
complicated,complicate
complicating,complicate
digs,dig
dug,dig
digging,dig
curses,curse
weighs,weigh
weighed,weigh
weighing,weigh
priests,priest
excessively,excessive
quarrels,quarrel
quarrelled,quarrel
quarrelling,quarrel
quarrelsome,quarrel
widows,widow
modestly,modest
dines,dine
dining,dine
politicians,politician
educates,educate
educating,educate
educated,educate
uneducated,educate
salesmen,salesman
nails,nail
taps,tap
tapped,tap
tapping,tap
easterly,eastern
possessions,possession
behaves,behave
behaved,behave
behaving,behave
merciful,mercy
merciless,mercy
scatters,scatter
scattered,scatter
scattering,scatter
objectionable,objection
silvery,silver
tents,tent
saddles,saddle
wraps,wrap
wrapped,wrap
wrapping,wrap
wrapper,wrap
nests,nest
grinds,grind
grindstone,grind
spells,spell
spelled,spell
spelling,spell
arched,arch
archway,arch
swells,swell
swelled,swell
swelling,swell
friendships,friendship
baths,bath
bundles,bundle
crowns,crown
boundaries,boundary
clocks,clock
clockwork,clock
boils,boil
boiled,boil
boiling,boil
boiler,boil
lends,lend
lent,lend
holidays,holiday
wanders,wander
wandered,wander
wandering,wander
reputations,reputation
tickets,ticket
pretends,pretend
pretending,pretend
pretended,pretend
dismisses,dismiss
dismissed,dismiss
dismissing,dismiss
dismissal,dismiss
delicately,delicate
despairs,despair
despaired,despair
despairing,despair
awoke,awake
awaking,awake
fortunes,fortune
caps,cap
threads,thread
hasty,haste
hastily,haste
shirts,shirt
bargains,bargain
rails,rail
railway,rail
dots,dot
inquires,inquire
inquired,inquire
inquiring,inquire
decisively,decisive
vessels,vessel
steamer,steam
steamship,steam
pins,pin
bounded,bound
bounds,bound
companions,companion
toes,toe
rewards,reward
rewarded,reward
rewarding,reward
forbids,forbid
forbidden,forbid
towers,tower
bathed,bathe
bathes,bathe
lodges,lodge
lodging,lodge
lodged,lodge
swallowed,swallow
swallowing,swallow
swallows,swallow
multiplies,multiply
multiplied,multiply
multiplying,multiply
bows,bow
bowing,bow
bowed,bow
kingdoms,kingdom
garages,garage
pumps,pump
pumped,pump
pumping,pump
urgently,urgent
aunts,aunt
idleness,idle
idly,idle
fevers,fever
feverish,fever
feverishly,fever
regrets,regret
regretted,regret
regretting,regret
jaws,jaw
soapy,soap
pronounces,pronounce
pronounced,pronounce
pronouncing,pronounce
mispronounce,pronounce
empires,empire
bowls,bowl
organs,organ
minerals,mineral
disagrees,disagree
disagreed,disagree
disagreeing,disagree
disagreement,disagree
blades,blade
tricks,trick
treasurer,treasure
treasurers,treasure
inconvenience,convenience
inconvenient,convenience
disapproves,disapprove
disapproved,disapprove
disapproving,disapprove
disapproval,disapprove
destructively,destructive
forks,fork
tunes,tune
polishes,polish
polished,polish
polishing,polish
poisonous,poison
shames,shame
shamed,shame
shaming,shame
shameful,shame
shameless,shame
cottages,cottage
astonishes,astonish
astonished,astonish
astonishing,astonish
astonishment,astonish
shaves,shave
shaved,shave
shaving,shave
feathers,feather
sauces,sauce
lids,lid
debts,debt
fades,fade
faded,fade
fading,fade
confesses,confess
confessed,confess
confessing,confess
descends,descend
descended,descend
descending,descend
capes,cape
mildly,mild
mildness,mild
envelopes,envelope
inventions,invention
splendidly,splendid
stamps,stamp
floats,float
floating,float
floated,float
bricks,brick
businessmen,businessman
businesswoman,businessman
businesswomen,businessman
qualifications,qualification
lamps,lamp
curls,curl
curling,curl
curled,curl
curly,curl
showers,shower
bunches,bunch
bells,bell
steers,steer
steered,steer
steering,steer
spits,spit
spat,spit
spitting,spit
robs,rob
robbed,rob
robbing,rob
interrupts,interrupt
interrupted,interrupt
interrupting,interrupt
pens,pen
weaves,weave
wove,weave
woven,weave
oranges,orange
rescues,rescue
rescued,rescue
rescuing,rescue
crushes,crush
crushed,crush
crushing,crush
humbly,humble
fanciful,fancy
decays,decay
decaying,decay
decayed,decay
politely,polite
politeness,polite
tribes,tribe
bleeds,bleed
coins,coin
classified,classify
classifying,classify
omits,omit
omitted,omit
omitting,omit
needles,needle
lessens,lessen
lessened,lessen
lessening,lessen
complaints,complaint
pads,pad
padded,pad
padding,pad
skirts,skirt
curtains,curtain
solemnly,solemn
greasy,grease
interferes,interfere
interfered,interfere
interfering,interfere
explodes,explode
exploded,explode
exploding,explode
fastener,fasten
flags,flag
resigned,resign
resigns,resign
resigning,resign
resignation,resign
boasts,boast
boasting,boast
boasted,boast
boastful,boast
ropes,rope
envies,envy
envied,envy
envious,envy
airplane,aeroplane
aeroplanes,aeroplane
airplanes,aeroplane
rids,rid
shields,shield
shielded,shield
shielding,shield
veils,veil
kneels,kneel
kneeled,kneel
kneeling,kneel
trays,tray
explosively,explosive
taxis,taxi
ducks,duck
buttons,button
buttoned,button
buttoning,button
unbutton,button
invents,invent
invented,invent
inventing,invent
remedies,remedy
bushes,bush
weakens,weaken
weakened,weaken
weakening,weaken
scrapes,scrape
scraped,scrape
scraping,scrape
arrows,arrow
tenderly,tender
tenderness,tender
cruelly,cruel
cruelty,cruel
softens,soften
softening,soften
softened,soften
mice,mouse
juicy,juice
shelves,shelf
bakes,bake
baked,bake
baking,bake
cautiously,cautious
baskets,basket
wrecked,wreck
wrecking,wreck
wreckage,wreck
confidents,confident
logs,log
heaps,heap
sucks,suck
sucked,suck
sucking,suck
ladders,ladder
gaps,gap
obeyed,obey
obeys,obey
obeying,obey
huts,hut
axes,axe
translations,translation
collars,collar
deliveries,delivery
reproduces,reproduce
reproduced,reproduce
reproducing,reproduce
confessions,confession
pans,pan
prejudiced,prejudice
unprejudiced,prejudice
voyages,voyage
pastes,paste
pasted,paste
pasting,paste
cakes,cake
elephants,elephant
ribbons,ribbon
caves,cave
thieves,thief
sews,sew
sewing,sew
sewn,sew
rusty,rust
separations,separation
waiters,waiter
waitress,waiter
waitresses,waiter
pets,pet
straws,straw
upsets,upset
upsetting,upset
towels,towel
refreshing,refresh
refreshed,refresh
refreshes,refresh
refreshment,refresh
refreshments,refresh
defendants,defendant
dips,dip
dipped,dip
dipping,dip
suspiciously,suspicious
carriages,carriage
educators,educator
saws,saw
sawed,saw
sawn,saw
sawdust,saw
sawmill,saw
stoves,stove
rugs,rug
awkwardly,awkward
awkwardness,awkward
rivals,rival
roasting,roast
roasted,roast
deeds,deed
preferences,preference
explosions,explosion
theatrically,theatrical
cultivates,cultivate
cultivating,cultivate
cultivated,cultivate
collectors,collector
miserably,miserable
wrists,wrist
rabbits,rabbit
tides,tide
tidal,tide
insults,insult
insulted,insult
insulting,insult
thumbs,thumb
lumps,lump
annoyed,annoy
annoys,annoy
annoying,annoy
toys,toy
heals,heal
healed,heal
healing,heal
shallowness,shallow
repetitions,repetition
whistles,whistle
whistling,whistle
apples,apple
offense,offence
corkscrew,cork
pinches,pinch
diamonds,diamond
razors,razor
imaginatively,imaginative
hooks,hook
landlords,landlord
influentially,influential
rots,rot
rotted,rot
rotting,rot
hollows,hollow
encloses,enclose
enclosed,enclose
enclosing,enclose
hardens,harden
hardened,harden
hardening,harden
wickedly,wicked
wickedness,wicked
stiffens,stiffen
stiffening,stiffen
stiffened,stiffen
silkworm,silk
silky,silk
striped,stripe
pigs,pig
inwards,inward
inwardly,inward
rakes,rake
raking,rake
raked,rake
hastens,hasten
hastened,hasten
hastening,hasten
shortens,shorten
shortened,shorten
shortening,shorten
aches,ache
apologies,apology
knots,knot
nephews,nephew
cushions,cushion
cushioned,cushion
drowns,drown
drowning,drown
drowned,drown
nurseries,nursery
pints,pint
fiercely,fierce
imitates,imitate
imitated,imitate
imitating,imitate
robberies,robbery
tightens,tighten
tightened,tighten
tightening,tighten
imperfection,perfection
scornful,scorn
trunks,trunk
woollen,wool
woolly,wool
sailors,sailor
competitors,competitor
beans,bean
drawers,drawer
disregards,disregard
disregarded,disregard
disregarding,disregard
tins,tin
tinned,tin
pennyworth,penny
cages,cage
pardoned,pardon
pardons,pardon
pardoning,pardon
unpardonable,pardon
offends,offend
offended,offend
offending,offend
spoils,spoil
spoilt,spoil
spoiling,spoil
horizontally,horizontal
stings,sting
stung,sting
ditches,ditch
librarians,librarian
coughs,cough
coughed,cough
coughing,cough
swords,sword
messengers,messenger
vainly,vain
castles,castle
elasticity,elastic
combs,comb
rods,rod
widens,widen
widened,widen
widening,widen
inventors,inventor
cliffs,cliff
umbrellas,umbrella
interruptions,interruption
merrily,merry
gallons,gallon
conquests,conquest
headaches,headache
tailors,tailor
buckets,bucket
signatures,signature
carts,cart
darkens,darken
darkened,darken
darkening,darken
applauds,applaud
applauding,applaud
applauded,applaud
pretences,pretence
pretense,pretence
pretenses,pretence
descents,descent
conquers,conquer
conquered,conquer
conquering,conquer
frameworks,framework
confidentially,confidential
adoptions,adoption
disgusts,disgust
disgusted,disgust
disgusting,disgust
waists,waist
waistcoat,waist
momentarily,momentary
receipts,receipt
pearls,pearl
rays,ray
limbs,limb
beasts,beast
monkeys,monkey
jewels,jewel
socks,sock
vowels,vowel
hammers,hammer
hammered,hammer
hammering,hammer
chimneys,chimney
ornaments,ornament
sharpens,sharpen
sharpening,sharpen
sharpened,sharpen
handkerchiefs,handkerchief
greedy,greed
greedily,greed
thirsty,thirst
nieces,niece
spills,spill
spilling,spill
loaves,loaf
worms,worm
rudely,rude
rudeness,rude
heightens,heighten
heightened,heighten
heightening,heighten
loosens,loosen
loosened,loosen
loosening,loosen
rivalries,rivalry
royalties,royalty
discontented,discontent
complications,complication
indoors,indoor
actresses,actress
congratulations,congratulation
ounces,ounce
fries,fry
fried,fry
frying,fry
goats,goat
inky,ink
disappearances,disappearance
thickens,thicken
thickening,thicken
thickened,thicken
spoons,spoon
spoonful,spoon
straps,strap
deceives,deceive
deceived,deceive
deceiving,deceive
corrections,correction
descendants,descendant
hesitations,hesitation
spades,spade
basins,basin
weeds,weed
omissions,omission
bicycles,bicycle
photographs,photography
cowardly,coward
mats,mat
rejoices,rejoice
rejoiced,rejoice
rejoicing,rejoice
cheats,cheat
cheated,cheat
cheating,cheat
congratulates,congratulate
congratulated,congratulate
congratulating,congratulate
discomforts,discomfort
discomforted,discomfort
discomforting,discomfort
enclosures,enclosure
attentively,attentive
paws,paw
overflows,overflow
overflowed,overflow
overflowing,overflow
dissatisfies,dissatisfy
dissatisfied,dissatisfy
dissatisfying,dissatisfy
tidies,tidy
tidied,tidy
tidying,tidy
bribes,bribe
bribing,bribe
bribed,bribe
mends,mend
mended,mend
mending,mend
stockings,stocking
feasts,feast
feasting,feast
nuisances,nuisance
thorns,thorn
inclusively,inclusive
processions,procession
ripens,ripen
ripened,ripen
ripening,ripen
homecomings,homecoming
barbers,barber
whitens,whiten
whitening,whiten
whitened,whiten
berries,berry
lightens,lighten
lightened,lighten
lightening,lighten
pigeons,pigeon
hinders,hinder
hindered,hinder
hindering,hinder
nouns,noun
deepens,deepen
deepened,deepen
deepening,deepen
pastries,pastry
cupboards,cupboard
quarts,quart
quarterly,quart
headquarters,quart
canals,canal
notebooks,notebook
deceits,deceit
deceitful,deceit
parcels,parcel
brightens,brighten
brightened,brighten
punctuality,punctual
punctually,punctual
fattens,fatten
fattened,fatten
fattening,fatten
conquerors,conqueror
hindrances,hindrance
obediently,obedient
saucers,saucer
maddens,madden
maddened,madden
maddening,madden
scolds,scold
scolded,scold
scolding,scold
weekdays,weekday
disrespects,disrespect
disrespected,disrespect
disrespecting,disrespect
disrespectful,disrespect
deafens,deafen
deafening,deafen
deafened,deafen
donkeys,donkey
unbusinesslike,businesslike
saddens,sadden
saddened,sadden
saddening,sadden
handshakes,handshake
headdresses,headdress
possessors,possessor
shillings,shilling
reddens,redden
reddened,redden
reddening,redden
electricians,electrician
oars,oar
sweetens,sweeten
sweetened,sweeten
sweetening,sweeten
sows,sow
sown,sow
sowing,sow
beaks,beak
